StartDate,EndDate,Status,Progress,Duration (in seconds),Finished,RecordedDate,ResponseId,DistributionChannel,UserLanguage,consent,1_B1,1_P1,1_S2,2_B1,2_P1,2_S2,3_B1,3_P1,3_S2,4_B1,4_P1,4_S2,5_B1,5_P1,5_S2,6_B1,6_P1,6_S2,7_B1,7_P1,7_S2,8_B1,8_P1,8_S2,9_B1,9_P1,9_S2,10_B1,10_P1,10_S2,11_B1,11_P1,11_S2,12_B1,12_P1,12_S2,13_B1,13_P1,13_S2,14_B1,14_P1,14_S2,15_B1,15_P1,15_S2,16_B1,16_P1,16_S2,17_B1,17_P1,17_S2,18_B1,18_P1,18_S2,19_B1,19_P1,19_S2,20_B1,20_P1,20_S2,check_77,lotr_1,lotr_2,lotr_3,lotr_4,lotr_5,lotr_6,lotr_7,lotr_8,lotr_9,lotr_10,age,gender,marital
2021-12-14T11:46:47Z,2021-12-14T11:51:15Z,IP Address,100,268,TRUE,2021-12-14T11:51:16Z,R_DD0vHz3bTdnGamR,anonymous,EN,I consent to participate in this study.,45,10,30,15,5,15,10,2,2,10,5,5,15,1,1,25,10,10,15,10,20,50,2,2,25,15,25,30,10,1,40,100,100,3,5,10,40,80,70,5,1,1,2,2,10,2,2,1,15,100,100,15,70,75,30,75,15,50,50,25,77,Strongly agree,Strongly agree,Strongly disagree,Strongly agree,Strongly agree,Somewhat agree,Strongly disagree,Strongly agree,Strongly disagree,Strongly agree,44,Man,Married
2021-12-14T11:47:15Z,2021-12-14T11:51:55Z,IP Address,100,279,TRUE,2021-12-14T11:51:55Z,R_ukrxWV41E8q4Pvz,anonymous,EN,I consent to participate in this study.,30,30,60,55,50,50,5,3,15,30,30,15,15,15,15,5,5,15,15,10,20,20,15,15,25,25,40,10,5,3,15,15,65,3,3,5,40,10,15,40,40,10,75,85,70,4,2,1,50,30,35,60,50,15,25,15,5,40,50,25,77,Neutral,Neutral,Strongly agree,Somewhat agree,Neutral,Strongly agree,Somewhat agree,Somewhat disagree,Somewhat agree,Somewhat agree,22,Woman,Never married
2021-12-14T11:47:16Z,2021-12-14T11:52:43Z,IP Address,100,327,TRUE,2021-12-14T11:52:44Z,R_3p3bx30Dz2BOp6Q,anonymous,EN,I consent to participate in this study.,30,30,75,70,80,40,35,30,30,30,30,18,5,5,15,1,1,20,20,20,40,50,40,50,10,10,50,5,5,3,50,50,80,2,2,10,40,50,50,1,1,1,20,50,50,1,1,1,40,60,65,20,20,20,10,10,9,75,75,20,77,Somewhat agree,Somewhat agree,Somewhat disagree,Neutral,Somewhat agree,Somewhat agree,Somewhat disagree,Somewhat agree,Somewhat disagree,Somewhat agree,24,Woman,Married
2021-12-14T11:46:57Z,2021-12-14T11:53:00Z,IP Address,100,362,TRUE,2021-12-14T11:53:00Z,R_2sTEX533KD8DuEr,anonymous,EN,I consent to participate in this study.,2,1,10,50,50,40,10,8,20,45,40,18,2,2,15,1,1,1,20,20,25,25,21,40,20,20,65,10,10,3,75,80,80,8,8,11,50,50,50,5,2,2,30,25,25,1,1,1,15,10,50,15,12,15,4,5,5,50,80,60,77,Neutral,Strongly agree,Neutral,Somewhat agree,Strongly agree,Somewhat agree,Strongly disagree,Strongly agree,Somewhat disagree,Somewhat agree,33,Man,Never married
2021-12-14T11:47:03Z,2021-12-14T11:53:10Z,IP Address,100,367,TRUE,2021-12-14T11:53:10Z,R_31tP3QyzSSgb7PI,anonymous,EN,I consent to participate in this study.,60,100,100,60,40,40,60,10,5,70,80,50,10,10,10,60,100,100,30,20,60,60,100,100,10,5,20,60,80,30,40,100,100,30,10,5,10,5,5,10,50,50,20,5,5,5,1,1,20,0,0,10,0,0,5,0,0,5,20,20,77,Somewhat agree,Somewhat disagree,Somewhat disagree,Somewhat agree,Somewhat agree,Strongly agree,Somewhat disagree,Somewhat disagree,Somewhat disagree,Somewhat agree,42,Woman,Divorced
2021-12-14T11:48:08Z,2021-12-14T11:53:14Z,IP Address,100,306,TRUE,2021-12-14T11:53:14Z,R_3EOpOWJgbEVEWmB,anonymous,EN,I consent to participate in this study.,15,15,76,50,50,41,25,25,30,20,20,18,25,25,17,10,10,26,10,10,40,50,50,45,25,25,65,15,30,6,50,25,40,10,10,10,40,65,65,20,15,2,50,40,15,2,2,1,60,60,60,40,40,20,10,10,9,25,30,27,77,Strongly disagree,Strongly disagree,Neutral,Somewhat disagree,Strongly agree,Somewhat agree,Neutral,Somewhat disagree,Somewhat agree,Somewhat disagree,27,Woman,Never married
2021-12-14T11:46:19Z,2021-12-14T11:53:43Z,IP Address,100,444,TRUE,2021-12-14T11:53:43Z,R_2D6A2K1xLG7ayxd,anonymous,EN,I consent to participate in this study.,30,20,50,40,35,35,30,15,25,20,15,15,30,30,15,35,30,20,66,70,60,55,55,50,55,50,60,35,30,2,45,45,70,15,15,10,40,70,65,10,1,1,25,20,20,1,1,1,60,65,65,40,50,25,1,1,5,1,5,20,77,Somewhat agree,Somewhat agree,Strongly disagree,Somewhat agree,Somewhat agree,Strongly agree,Strongly disagree,Somewhat agree,Strongly disagree,Strongly agree,31,Woman,Never married
2021-12-14T11:46:14Z,2021-12-14T11:53:50Z,IP Address,100,455,TRUE,2021-12-14T11:53:50Z,R_2c1Td9BevkBGgjB,anonymous,EN,I consent to participate in this study.,35,30,50,50,50,40,60,60,25,25,20,15,50,50,25,5,5,5,70,70,20,48,10,15,30,10,30,45,30,10,15,100,100,70,70,15,30,0,40,0,0,0,25,50,30,1,0,1,100,100,100,25,100,100,25,80,80,0,0,20,77,Strongly agree,Strongly agree,Strongly disagree,Strongly agree,Strongly agree,Strongly agree,Strongly disagree,Strongly agree,Strongly disagree,Strongly agree,39,Woman,Married
2021-12-14T11:46:30Z,2021-12-14T11:53:54Z,IP Address,100,443,TRUE,2021-12-14T11:53:54Z,R_1M4HaYfNvjDMBYy,anonymous,EN,I consent to participate in this study.,20,0,0,15,15,20,10,7,15,15,20,15,10,15,14,15,20,20,35,30,30,50,0,0,30,30,40,35,30,10,25,5,10,5,15,9,45,35,35,3,0,0,40,15,15,10,10,2,30,0,0,1,0,0,1,0,0,30,30,19,77,Strongly disagree,Somewhat agree,Strongly disagree,Somewhat agree,Somewhat agree,Neutral,Strongly disagree,Neutral,Strongly disagree,Somewhat agree,36,Man,Never married
2021-12-14T11:47:16Z,2021-12-14T11:54:06Z,IP Address,100,409,TRUE,2021-12-14T11:54:06Z,R_wRVWBQpcPyfbOmZ,anonymous,EN,I consent to participate in this study.,95,95,80,5,1,5,5,2,10,5,2,2,10,1,10,50,95,26,5,2,2,15,2,10,5,5,45,5,2,2,80,90,90,20,60,20,20,60,60,2,5,5,60,1,22,15,25,5,50,90,90,40,55,20,1,1,9,50,99,90,75,Somewhat agree,Somewhat disagree,Strongly disagree,Somewhat agree,Somewhat agree,Somewhat agree,Strongly disagree,Somewhat agree,Strongly disagree,Somewhat agree,54,Woman,Other
2021-12-14T11:46:40Z,2021-12-14T11:54:07Z,IP Address,100,446,TRUE,2021-12-14T11:54:07Z,R_1E74nAzVhsddT0m,anonymous,EN,I consent to participate in this study.,25,25,80,69,78,67,65,75,40,30,30,30,45,65,26,65,78,50,85,80,50,45,10,5,60,90,100,40,50,10,59,100,100,40,30,9,45,0,0,15,0,0,49,0,0,10,0,0,48,100,100,10,0,0,5,0,0,20,0,0,77,Strongly disagree,Strongly disagree,Neutral,Strongly disagree,Neutral,Neutral,Somewhat agree,Strongly disagree,Neutral,Strongly disagree,29,Woman,Married
2021-12-14T11:46:21Z,2021-12-14T11:54:10Z,IP Address,100,469,TRUE,2021-12-14T11:54:11Z,R_AsSfkkmMzeiOVcl,anonymous,EN,I consent to participate in this study.,15,0,50,5,10,40,40,60,30,5,1,5,20,40,20,3,0,10,10,5,25,50,0,0,50,100,100,60,50,1,15,0,0,35,50,30,50,90,90,50,0,1,10,0,0,1,5,5,40,100,100,40,30,10,2,30,2,5,0,20,77,Somewhat disagree,Neutral,Somewhat agree,Neutral,Somewhat agree,Neutral,Neutral,Neutral,Neutral,Neutral,56,Man,Married
2021-12-14T11:46:39Z,2021-12-14T11:54:18Z,IP Address,100,458,TRUE,2021-12-14T11:54:18Z,R_3Mg1Td8LLXETFQW,anonymous,EN,I consent to participate in this study.,15,10,20,60,70,50,35,45,35,35,30,25,40,30,20,10,5,10,25,20,40,25,0,0,35,30,55,30,25,10,40,80,80,15,10,8,40,30,30,5,1,1,60,70,50,2,0,0,40,0,0,40,70,70,20,10,7,40,30,25,77,Somewhat disagree,Neutral,Strongly agree,Somewhat disagree,Neutral,Somewhat agree,Somewhat agree,Somewhat disagree,Somewhat agree,Somewhat disagree,40,Man,Married
2021-12-14T11:49:55Z,2021-12-14T11:54:24Z,IP Address,100,268,TRUE,2021-12-14T11:54:24Z,R_3HNCv9g1ReXWdbe,anonymous,EN,I consent to participate in this study.,25,25,75,25,25,35,10,10,30,35,25,18,10,5,15,10,10,20,35,30,40,35,35,45,5,5,50,20,10,3,85,40,40,20,20,10,50,75,80,1,1,1,10,2,5,5,5,1,50,50,60,25,35,15,20,5,4,50,50,25,77,Somewhat agree,Somewhat agree,Somewhat disagree,Somewhat agree,Somewhat agree,Neutral,Somewhat disagree,Neutral,Somewhat disagree,Somewhat agree,27,Man,Never married
2021-12-14T11:48:48Z,2021-12-14T11:54:52Z,IP Address,100,363,TRUE,2021-12-14T11:54:52Z,R_3nc4A2SFawsXMdL,anonymous,EN,I consent to participate in this study.,50,35,45,50,60,50,45,50,45,15,25,25,35,45,20,25,5,5,33,60,60,45,25,25,5,15,70,65,30,5,50,85,95,10,2,3,30,90,90,15,40,15,30,65,50,3,1,1,75,100,96,50,100,86,1,15,15,40,90,65,77,Neutral,Somewhat agree,Strongly disagree,Somewhat agree,Somewhat agree,Somewhat agree,Strongly disagree,Somewhat agree,Somewhat disagree,Somewhat agree,28,Man,Never married
2021-12-14T11:46:13Z,2021-12-14T11:54:56Z,IP Address,100,523,TRUE,2021-12-14T11:54:56Z,R_3jZ1AO4oFu1EO6T,anonymous,EN,I consent to participate in this study.,48,35,45,55,20,25,22,18,18,14,8,8,19,14,12,6,3,8,17,15,22,58,2,2,12,8,45,8,6,2,72,100,100,7,5,10,20,8,25,3,1,1,30,100,100,1,5,3,42,100,100,35,92,92,7,5,5,8,5,10,77,Somewhat agree,Strongly agree,Somewhat disagree,Somewhat agree,Somewhat agree,Neutral,Somewhat disagree,Strongly agree,Somewhat disagree,Strongly agree,44,Man,Married
2021-12-14T11:46:19Z,2021-12-14T11:54:57Z,IP Address,100,517,TRUE,2021-12-14T11:54:57Z,R_PuCroEyZMjaujm1,anonymous,EN,I consent to participate in this study.,20,20,40,75,80,60,45,55,45,42,45,18,10,10,17,5,5,10,40,40,40,40,5,5,5,5,65,5,5,3,60,60,65,15,15,8,45,30,40,5,1,1,25,25,25,2,2,1,20,10,10,20,5,5,1,1,1,50,60,50,77,Somewhat disagree,Somewhat agree,Somewhat disagree,Neutral,Somewhat agree,Somewhat agree,Somewhat disagree,Somewhat agree,Neutral,Somewhat agree,32,Man,Never married
2021-12-14T11:48:22Z,2021-12-14T11:55:01Z,IP Address,100,399,TRUE,2021-12-14T11:55:02Z,R_3qlH3eITSCiBnMI,anonymous,EN,I consent to participate in this study.,15,15,15,50,85,90,1,1,33,85,95,95,15,15,15,1,1,5,25,25,10,60,56,56,15,2,65,15,1,3,75,60,60,15,1,1,65,85,58,20,20,50,35,60,45,0,0,1,45,50,45,20,30,20,15,5,5,35,80,45,50,Somewhat agree,Neutral,Somewhat disagree,Somewhat agree,Somewhat agree,Neutral,Somewhat disagree,Somewhat agree,Somewhat disagree,Somewhat agree,24,Man,Never married
2021-12-14T11:47:45Z,2021-12-14T11:55:30Z,IP Address,100,465,TRUE,2021-12-14T11:55:31Z,R_PN8lN3yDkDSnEPL,anonymous,EN,I consent to participate in this study.,40,0,0,30,90,95,20,20,31,65,100,100,25,50,40,40,40,26,15,60,75,60,0,0,40,40,65,3,3,3,25,99,99,2,0,0,20,0,0,2,0,0,45,0,0,2,0,0,40,0,0,15,0,0,10,0,0,20,20,23,77,Strongly disagree,Somewhat disagree,Somewhat agree,Strongly disagree,Somewhat disagree,Somewhat agree,Strongly agree,Strongly disagree,Strongly agree,Somewhat disagree,24,Woman,Never married
2021-12-14T11:46:00Z,2021-12-14T11:55:49Z,IP Address,100,588,TRUE,2021-12-14T11:55:49Z,R_3QF8hKl8ScjYy0l,anonymous,EN,I consent to participate in this study.,35,20,65,15,15,30,20,15,15,35,20,15,40,30,20,35,40,20,40,40,40,45,0,0,20,15,20,25,20,1,65,80,90,65,70,3,35,50,50,30,10,1,50,55,40,5,1,0,35,100,100,30,25,12,50,50,7,10,5,3,77,Somewhat agree,Neutral,Neutral,Somewhat agree,Somewhat agree,Somewhat agree,Somewhat disagree,Somewhat disagree,Somewhat disagree,Somewhat agree,34,Woman,Married
2021-12-14T11:49:31Z,2021-12-14T11:55:53Z,IP Address,100,382,TRUE,2021-12-14T11:55:53Z,R_3MlIRf2qY3iK85l,anonymous,EN,I consent to participate in this study.,10,15,50,25,85,75,45,45,35,30,40,35,25,35,20,12,1,10,45,45,45,65,0,0,30,30,50,42,35,1,35,95,95,20,0,0,35,0,0,1,1,1,25,35,25,2,0,0,45,0,0,20,20,20,13,0,0,20,15,15,77,Somewhat agree,Strongly agree,Strongly disagree,Somewhat agree,Strongly agree,Somewhat disagree,Strongly disagree,Somewhat agree,Strongly disagree,Strongly agree,59,Woman,Divorced
2021-12-14T11:49:14Z,2021-12-14T11:56:12Z,IP Address,100,418,TRUE,2021-12-14T11:56:12Z,R_1DHnTZSJJiEoHOu,anonymous,EN,I consent to participate in this study.,25,20,20,30,25,30,5,2,5,15,20,16,33,40,8,25,10,12,15,15,20,50,15,15,5,3,10,5,5,2,30,5,33,5,3,5,35,20,25,5,2,2,30,25,20,10,5,1,25,30,35,40,33,25,5,2,4,50,33,10,77,Strongly disagree,Strongly disagree,Somewhat agree,Neutral,Strongly agree,Somewhat agree,Somewhat agree,Somewhat disagree,Somewhat agree,Neutral,28,Man,Never married
2021-12-14T11:47:18Z,2021-12-14T11:56:33Z,IP Address,100,554,TRUE,2021-12-14T11:56:34Z,R_2qyKa3jBBGNILXy,anonymous,EN,I consent to participate in this study.,40,38,60,77,71,50,25,25,31,39,47,20,11,11,17,18,15,20,20,21,35,49,12,10,40,40,65,76,100,100,50,9,8,12,12,11,41,35,40,10,6,1,15,5,5,4,2,1,50,90,90,29,5,5,7,0,0,34,55,25,77,Somewhat agree,Somewhat disagree,Somewhat disagree,Somewhat agree,Strongly agree,Somewhat agree,Somewhat disagree,Somewhat agree,Somewhat disagree,Somewhat agree,55,Woman,Married
2021-12-14T11:46:18Z,2021-12-14T11:56:35Z,IP Address,100,617,TRUE,2021-12-14T11:56:36Z,R_1poOjB5k6todS0R,anonymous,EN,I consent to participate in this study.,25,25,50,55,40,40,3,3,10,60,40,18,7,7,10,4,4,10,17,17,20,55,0,0,15,15,25,15,10,3,65,95,95,25,25,20,30,95,95,2,2,2,20,20,22,6,10,5,60,100,100,80,80,80,8,5,5,85,50,25,77,Neutral,Somewhat agree,Strongly disagree,Somewhat agree,Somewhat agree,Somewhat agree,Strongly disagree,Somewhat disagree,Strongly disagree,Strongly agree,42,Woman,Married
2021-12-14T11:46:54Z,2021-12-14T11:56:38Z,IP Address,100,583,TRUE,2021-12-14T11:56:38Z,R_1DuRQDEzoedfEu9,anonymous,EN,I consent to participate in this study.,22,100,100,80,100,100,40,35,27,70,80,70,8,5,12,30,25,20,65,70,55,50,0,0,50,65,75,12,15,8,40,15,15,12,8,1,25,80,90,6,1,1,18,10,8,2,0,0,30,0,0,20,0,0,5,0,0,20,12,18,77,Strongly disagree,Strongly disagree,Somewhat agree,Strongly disagree,Somewhat disagree,Somewhat agree,Strongly agree,Strongly disagree,Strongly agree,Strongly disagree,39,Man,Never married
2021-12-14T11:46:22Z,2021-12-14T11:56:50Z,IP Address,100,627,TRUE,2021-12-14T11:56:50Z,R_2xLbgfkxqOOFMUl,anonymous,EN,I consent to participate in this study.,45,45,76,40,40,41,15,15,31,35,35,18,10,10,17,10,10,26,35,35,40,45,0,0,20,20,65,25,25,3,45,100,100,10,10,11,60,60,58,20,100,100,15,15,15,2,2,1,65,100,100,40,20,16,30,2,2,2,2,23,77,Neutral,Somewhat agree,Somewhat disagree,Somewhat agree,Somewhat agree,Neutral,Somewhat disagree,Somewhat agree,Somewhat disagree,Somewhat agree,67,Man,Married
2021-12-14T11:48:10Z,2021-12-14T11:56:53Z,IP Address,100,522,TRUE,2021-12-14T11:56:53Z,R_2EHujP9KXsyefFK,anonymous,EN,I consent to participate in this study.,15,5,20,68,56,40,28,15,10,56,85,10,15,10,5,4,1,15,10,5,20,65,50,40,32,15,25,35,10,1,5,2,10,50,45,1,20,15,45,5,0,0,50,1,1,5,2,1,75,80,50,15,2,1,1,0,0,70,55,30,77,Strongly disagree,Somewhat agree,Strongly agree,Somewhat agree,Somewhat disagree,Somewhat disagree,Somewhat agree,Somewhat disagree,Somewhat agree,Strongly disagree,41,Woman,Prefer not to say
2021-12-14T11:52:20Z,2021-12-14T11:56:59Z,IP Address,100,278,TRUE,2021-12-14T11:56:59Z,R_2zTlgNx7BqKRxYN,anonymous,EN,I consent to participate in this study.,5,5,10,40,40,40,10,10,10,10,10,10,5,5,5,5,5,7,10,10,15,20,10,15,5,5,7,10,5,3,50,75,80,10,10,10,40,30,40,15,30,20,25,20,25,1,1,1,15,20,35,40,50,40,25,30,25,50,50,40,77,Neutral,Neutral,Neutral,Strongly disagree,Neutral,Somewhat agree,Neutral,Neutral,Neutral,Neutral,31,Man,Never married
2021-12-14T11:49:50Z,2021-12-14T11:57:00Z,IP Address,100,429,TRUE,2021-12-14T11:57:00Z,R_3dRhExZJEnHBgmE,anonymous,EN,I consent to participate in this study.,30,40,70,69,90,80,20,30,40,23,75,75,25,35,30,15,10,5,45,50,50,68,0,0,18,80,80,34,45,20,25,0,10,10,0,0,28,5,5,5,0,0,30,0,0,5,0,0,40,0,0,20,0,0,8,0,0,20,35,35,77,Strongly disagree,Strongly disagree,Strongly agree,Strongly disagree,Somewhat disagree,Strongly disagree,Strongly agree,Strongly disagree,Strongly agree,Strongly disagree,47,Woman,Never married
2021-12-14T11:51:30Z,2021-12-14T11:57:00Z,IP Address,100,330,TRUE,2021-12-14T11:57:00Z,R_2scqqjJXKfoRh3M,anonymous,EN,I consent to participate in this study.,2,4,76,7,2,41,3,10,31,2,2,18,2,3,17,2,3,26,20,1,40,3,5,45,3,2,65,20,10,3,3,2,82,2,3,11,3,2,58,2,10,3,20,1,22,30,20,1,5,4,61,3,2,16,1,2,9,3,4,23,77,Neutral,Somewhat agree,Somewhat agree,Somewhat agree,Neutral,Somewhat disagree,Neutral,Somewhat agree,Somewhat agree,Neutral,29,Man,Never married
2021-12-14T11:49:02Z,2021-12-14T11:57:02Z,IP Address,100,479,TRUE,2021-12-14T11:57:03Z,R_2fm6Nq2rz35RUDz,anonymous,EN,I consent to participate in this study.,5,1,5,25,1,1,12,0,0,20,1,1,1,0,0,10,1,1,20,0,0,45,0,0,50,0,0,18,0,0,40,15,15,4,4,15,20,10,15,60,100,100,55,1,1,1,1,1,70,1,1,22,3,3,2,1,2,70,95,95,77,Somewhat agree,Somewhat disagree,Strongly disagree,Somewhat disagree,Strongly agree,Strongly agree,Strongly disagree,Somewhat disagree,Strongly disagree,Strongly agree,63,Woman,Never married
2021-12-14T11:47:17Z,2021-12-14T11:57:04Z,IP Address,100,586,TRUE,2021-12-14T11:57:04Z,R_1gBeHf8ZSZzhEZQ,anonymous,EN,I consent to participate in this study.,10,5,35,55,65,55,25,35,35,25,30,25,20,25,25,7,5,15,25,20,40,40,100,100,15,10,50,6,3,3,70,100,100,20,10,5,40,70,70,15,5,2,40,35,20,3,3,1,65,70,75,40,10,10,10,5,5,60,65,30,77,Somewhat agree,Somewhat agree,Somewhat disagree,Somewhat agree,Somewhat agree,Somewhat agree,Somewhat disagree,Somewhat agree,Somewhat disagree,Somewhat agree,56,Man,Divorced
2021-12-14T11:50:57Z,2021-12-14T11:57:14Z,IP Address,100,376,TRUE,2021-12-14T11:57:14Z,R_1BQaQCfaLy4HE2D,anonymous,EN,I consent to participate in this study.,20,20,75,30,35,41,10,10,25,20,20,16,30,30,17,7,5,20,30,30,40,20,15,15,10,10,65,20,20,2,60,60,82,30,30,11,60,70,70,20,30,5,55,60,40,1,1,1,60,100,100,30,50,25,20,40,15,80,80,30,77,Strongly agree,Strongly agree,Strongly disagree,Strongly agree,Strongly agree,Somewhat agree,Strongly disagree,Strongly agree,Strongly disagree,Strongly agree,39,Man,Married
2021-12-14T11:50:36Z,2021-12-14T11:57:20Z,IP Address,100,404,TRUE,2021-12-14T11:57:20Z,R_32XazjRdcyjohOv,anonymous,EN,I consent to participate in this study.,20,20,20,80,80,50,30,20,30,80,80,80,20,20,20,30,30,20,30,30,30,60,60,60,20,5,20,5,5,2,40,40,40,5,5,5,50,50,50,5,1,1,30,30,20,3,3,1,70,70,70,10,10,10,5,5,5,80,70,20,77,Somewhat agree,Somewhat agree,Neutral,Somewhat disagree,Somewhat agree,Somewhat agree,Neutral,Somewhat disagree,Somewhat disagree,Somewhat agree,39,Woman,Never married
2021-12-14T11:49:10Z,2021-12-14T11:57:22Z,IP Address,100,492,TRUE,2021-12-14T11:57:22Z,R_3oBeKjwoRnogMHN,anonymous,EN,I consent to participate in this study.,50,5,5,25,9,9,33,5,5,33,5,5,5,1,1,3,1,1,50,25,25,50,50,50,5,5,50,10,1,1,50,99,99,25,75,75,20,66,66,8,1,1,80,99,99,1,50,50,50,50,61,20,20,20,5,5,5,33,50,50,77,Somewhat agree,Somewhat agree,Somewhat disagree,Somewhat agree,Neutral,Somewhat disagree,Somewhat disagree,Somewhat agree,Somewhat disagree,Somewhat agree,42,Man,Never married
2021-12-14T11:47:10Z,2021-12-14T11:57:27Z,IP Address,100,617,TRUE,2021-12-14T11:57:28Z,R_d9UCvUtRtFUZkg9,anonymous,EN,I consent to participate in this study.,16,27,44,56,34,64,16,12,15,34,23,16,13,4,5,26,27,27,15,14,26,75,50,34,15,4,30,35,24,47,15,16,32,37,48,38,60,70,70,27,27,4,46,35,37,6,7,2,24,14,16,45,35,13,27,38,36,40,55,30,27,Somewhat agree,Somewhat agree,Strongly disagree,Somewhat agree,Strongly agree,Somewhat disagree,Neutral,Strongly agree,Strongly disagree,Somewhat agree,26,Man,Never married
2021-12-14T11:46:47Z,2021-12-14T11:57:31Z,IP Address,100,643,TRUE,2021-12-14T11:57:31Z,R_1otG9zKPsOY2rOP,anonymous,EN,I consent to participate in this study.,80,80,76,80,80,41,80,80,31,30,30,18,20,20,17,60,60,26,60,60,40,60,60,45,20,20,65,20,20,3,40,40,82,5,5,11,40,40,58,1,1,3,40,40,22,1,1,1,30,30,61,10,10,16,10,10,9,70,70,23,77,Somewhat disagree,Strongly agree,Somewhat agree,Somewhat agree,Somewhat agree,Strongly disagree,Somewhat agree,Strongly agree,Somewhat agree,Somewhat disagree,44,Man,Never married
2021-12-14T11:49:55Z,2021-12-14T11:57:51Z,IP Address,100,475,TRUE,2021-12-14T11:57:51Z,R_88O6iIhkrowRGQp,anonymous,EN,I consent to participate in this study.,25,0,0,5,5,50,5,5,31,40,40,18,20,20,17,20,20,26,20,20,40,50,0,0,3,3,65,25,25,3,75,100,100,2,2,10,60,75,58,30,0,3,20,0,0,5,5,1,50,100,100,5,0,0,15,0,0,50,50,23,77,Somewhat disagree,Somewhat disagree,Somewhat agree,Somewhat agree,Somewhat agree,Somewhat agree,Somewhat agree,Somewhat disagree,Somewhat agree,Somewhat agree,35,Woman,Married
2021-12-14T11:48:37Z,2021-12-14T11:57:56Z,IP Address,100,559,TRUE,2021-12-14T11:57:57Z,R_xkYmahXgwOzKenD,anonymous,EN,I consent to participate in this study.,10,0,0,65,65,80,70,70,60,25,15,15,15,15,15,10,10,10,40,50,50,40,0,0,5,5,5,25,20,10,35,0,0,5,5,5,50,0,0,5,0,0,25,0,0,3,0,0,15,0,0,20,0,0,5,0,0,35,45,25,77,Neutral,Somewhat disagree,Somewhat agree,Somewhat disagree,Somewhat agree,Somewhat agree,Somewhat disagree,Somewhat agree,Somewhat agree,Somewhat agree,65,Woman,Never married
2021-12-14T11:47:06Z,2021-12-14T11:58:01Z,IP Address,100,654,TRUE,2021-12-14T11:58:01Z,R_2fBu8bK2dH1L4nc,anonymous,EN,I consent to participate in this study.,1,1,1,60,60,50,20,1,10,10,10,20,10,1,1,10,1,1,30,30,30,25,0,0,40,1,60,2,1,1,90,100,100,10,1,1,50,99,99,1,1,1,50,50,25,1,1,1,10,0,0,40,99,99,1,1,1,70,99,99,77,Strongly disagree,Strongly disagree,Strongly agree,Strongly disagree,Neutral,Strongly agree,Strongly agree,Strongly agree,Strongly agree,Neutral,34,Man,Never married
2021-12-14T11:52:08Z,2021-12-14T11:58:02Z,IP Address,100,354,TRUE,2021-12-14T11:58:02Z,R_3q7JFP2NKaDUfZo,anonymous,EN,I consent to participate in this study.,50,45,75,90,90,50,60,69,35,70,75,40,50,50,20,14,10,30,30,25,49,40,2,30,75,70,65,15,20,2,65,70,95,40,40,5,40,45,60,1,1,1,90,95,45,1,2,1,60,65,65,70,75,20,20,10,5,10,10,24,77,Strongly disagree,Neutral,Somewhat agree,Somewhat disagree,Strongly disagree,Strongly agree,Strongly agree,Strongly disagree,Strongly agree,Strongly disagree,32,Man,Married
2021-12-14T11:46:27Z,2021-12-14T11:58:12Z,IP Address,100,704,TRUE,2021-12-14T11:58:12Z,R_2SrlauJtcdz7zhV,anonymous,EN,I consent to participate in this study.,35,35,50,70,70,50,65,65,40,40,40,25,20,20,20,10,10,30,30,40,40,50,15,10,75,75,65,65,40,10,60,100,100,20,15,5,40,5,5,5,2,1,55,80,80,1,1,1,65,80,80,20,0,0,5,0,0,50,80,80,77,Somewhat agree,Somewhat agree,Somewhat disagree,Somewhat agree,Neutral,Strongly agree,Somewhat disagree,Somewhat disagree,Somewhat disagree,Somewhat agree,NA,Woman,Married
2021-12-14T11:47:38Z,2021-12-14T11:58:17Z,IP Address,100,639,TRUE,2021-12-14T11:58:18Z,R_OIn41E35x00rpBL,anonymous,EN,I consent to participate in this study.,3,1,5,85,95,80,10,2,2,40,40,20,10,1,3,5,2,5,15,10,20,50,2,2,35,10,30,40,10,1,85,90,90,10,2,1,10,75,75,3,0,0,65,85,25,1,1,1,40,95,95,10,2,2,10,1,1,40,95,95,77,Somewhat agree,Strongly agree,Somewhat disagree,Somewhat agree,Somewhat agree,Strongly agree,Strongly disagree,Somewhat disagree,Strongly disagree,Strongly agree,44,Woman,Married
2021-12-14T11:51:09Z,2021-12-14T11:58:30Z,IP Address,100,440,TRUE,2021-12-14T11:58:30Z,R_6YFSNWsY0Dr7bjj,anonymous,EN,I consent to participate in this study.,25,25,50,43,35,35,51,35,25,30,20,12,33,25,15,15,15,25,40,37,37,50,19,19,19,19,65,35,35,3,40,45,55,20,24,19,35,80,80,10,10,3,48,55,25,5,5,1,60,30,30,20,8,8,5,2,2,34,39,28,77,Somewhat disagree,Strongly disagree,Somewhat agree,Strongly disagree,Somewhat agree,Neutral,Strongly agree,Somewhat disagree,Strongly agree,Strongly disagree,32,Man,Never married
2021-12-14T11:53:48Z,2021-12-14T11:58:35Z,IP Address,100,287,TRUE,2021-12-14T11:58:35Z,R_1fZNIE6yg7lZOGm,anonymous,EN,I consent to participate in this study.,10,10,55,75,50,40,35,25,25,65,50,18,35,25,14,15,11,15,55,45,40,55,10,10,13,8,45,44,35,3,45,85,85,8,8,8,25,85,85,2,0,1,10,3,5,11,5,1,35,5,10,5,0,0,10,0,0,55,85,85,77,Neutral,Strongly agree,Neutral,Neutral,Somewhat agree,Somewhat agree,Neutral,Neutral,Neutral,Neutral,40,Man,Never married
2021-12-14T11:51:42Z,2021-12-14T11:58:51Z,IP Address,100,429,TRUE,2021-12-14T11:58:52Z,R_3qUrEd8wEPU31tB,anonymous,EN,I consent to participate in this study.,70,100,100,60,75,60,2,5,35,25,30,30,45,100,100,15,100,100,40,100,100,65,50,50,10,15,65,40,45,3,65,100,100,20,15,8,30,15,25,30,40,15,25,0,0,5,3,0,70,100,100,25,10,10,10,0,0,5,5,20,77,Strongly disagree,Somewhat disagree,Somewhat agree,Strongly disagree,Strongly agree,Strongly agree,Somewhat agree,Strongly disagree,Somewhat agree,Neutral,46,Woman,Married
2021-12-14T11:50:07Z,2021-12-14T11:59:00Z,IP Address,100,533,TRUE,2021-12-14T11:59:00Z,R_1FbtgNoLnM3snkN,anonymous,EN,I consent to participate in this study.,15,15,40,60,60,50,15,10,10,40,25,18,15,5,5,25,25,25,40,20,20,35,10,10,25,20,50,20,20,5,30,100,100,10,10,10,40,80,85,18,15,3,60,85,70,5,15,10,70,100,100,90,100,10,5,5,5,50,75,60,77,Somewhat agree,Somewhat agree,Strongly disagree,Somewhat agree,Somewhat agree,Somewhat agree,Strongly disagree,Neutral,Strongly disagree,Strongly agree,40,Man,Married
2021-12-14T11:51:38Z,2021-12-14T11:59:00Z,IP Address,100,442,TRUE,2021-12-14T11:59:00Z,R_sjK4BlG3Fj6QXqp,anonymous,EN,I consent to participate in this study.,20,30,50,30,40,40,10,10,15,40,50,20,60,50,15,20,10,20,40,40,40,60,50,50,30,20,50,30,30,3,40,60,80,10,5,5,30,20,50,5,2,2,20,30,30,2,2,1,60,50,50,40,100,100,30,50,50,10,5,20,78,Somewhat disagree,Somewhat agree,Neutral,Neutral,Somewhat agree,Somewhat agree,Somewhat disagree,Somewhat disagree,Neutral,Strongly agree,39,Man,Married
2021-12-14T11:48:06Z,2021-12-14T11:59:00Z,IP Address,100,654,TRUE,2021-12-14T11:59:01Z,R_sZ725MKMKtIvRRv,anonymous,EN,I consent to participate in this study.,10,5,35,40,45,45,35,35,30,40,45,18,20,20,17,25,25,25,40,40,40,70,65,55,40,45,60,25,20,10,45,25,30,10,10,10,65,90,80,2,1,1,40,30,25,1,1,1,55,20,25,35,40,20,5,10,10,70,80,75,77,Somewhat agree,Somewhat agree,Somewhat disagree,Strongly agree,Strongly agree,Strongly agree,Somewhat disagree,Somewhat agree,Somewhat disagree,Strongly agree,57,Woman,Prefer not to say
2021-12-14T11:49:13Z,2021-12-14T11:59:09Z,IP Address,100,596,TRUE,2021-12-14T11:59:09Z,R_1Crc447vHhJHgSG,anonymous,EN,I consent to participate in this study.,10,5,40,60,70,60,20,25,33,35,50,40,5,10,15,35,20,20,75,40,40,40,25,25,20,25,55,60,50,10,60,33,40,8,5,5,40,20,30,25,10,1,30,20,10,15,10,1,40,20,30,65,35,10,15,10,5,50,75,20,77,Somewhat disagree,Strongly disagree,Somewhat agree,Strongly disagree,Somewhat agree,Strongly disagree,Somewhat agree,Somewhat disagree,Strongly agree,Somewhat disagree,41,Man,Never married
2021-12-14T11:54:15Z,2021-12-14T11:59:11Z,IP Address,100,296,TRUE,2021-12-14T11:59:11Z,R_2dN2pdVZZrjwtHs,anonymous,EN,I consent to participate in this study.,5,2,2,75,55,55,45,20,20,10,2,2,45,15,15,1,1,1,25,15,15,50,20,20,5,1,50,5,1,1,40,100,100,3,3,3,25,95,98,2,1,1,5,100,100,2,1,1,55,80,80,35,100,100,30,100,100,10,75,75,77,Strongly agree,Strongly agree,Strongly disagree,Strongly agree,Strongly agree,Strongly agree,Strongly disagree,Strongly agree,Strongly disagree,Strongly agree,47,Man,Married
2021-12-14T11:52:51Z,2021-12-14T11:59:16Z,IP Address,100,385,TRUE,2021-12-14T11:59:16Z,R_3GpumfAusQN2gSg,anonymous,EN,I consent to participate in this study.,35,35,50,50,70,60,30,40,40,50,50,30,15,20,20,10,100,100,30,30,40,50,20,20,20,20,60,15,15,5,65,100,100,10,10,10,30,40,50,5,5,3,55,33,20,2,2,1,40,20,20,40,15,15,5,5,5,50,40,30,77,Somewhat agree,Somewhat agree,Somewhat disagree,Somewhat agree,Strongly agree,Somewhat agree,Somewhat disagree,Somewhat disagree,Somewhat disagree,Somewhat agree,37,Man,Never married
2021-12-14T11:46:17Z,2021-12-14T11:59:26Z,IP Address,100,788,TRUE,2021-12-14T11:59:26Z,R_T1sfODbAgJ16iwF,anonymous,EN,I consent to participate in this study.,20,5,40,55,95,95,5,10,50,40,70,75,60,75,75,35,35,26,40,40,40,45,10,10,20,20,65,15,20,10,40,50,60,3,3,3,65,85,85,10,5,1,60,5,4,3,1,1,55,10,10,10,4,4,35,5,3,40,20,23,77,Strongly agree,Strongly agree,Somewhat disagree,Strongly disagree,Strongly agree,Strongly agree,Somewhat disagree,Somewhat disagree,Somewhat agree,Somewhat agree,51,Man,Never married
2021-12-14T11:47:00Z,2021-12-14T11:59:57Z,IP Address,100,776,TRUE,2021-12-14T11:59:57Z,R_1P5ii4EbxAfbP5j,anonymous,EN,I consent to participate in this study.,1,1,50,78,80,45,35,25,26,60,55,20,40,25,15,3,1,21,15,5,25,40,15,35,5,5,55,30,10,1,35,60,80,10,5,10,45,55,55,25,12,2,50,55,30,1,1,1,50,99,99,25,15,15,12,5,8,60,60,30,77,Somewhat agree,Somewhat agree,Somewhat agree,Somewhat agree,Somewhat agree,Strongly agree,Somewhat disagree,Strongly agree,Somewhat disagree,Somewhat agree,48,Prefer not to say,Married
2021-12-14T11:52:26Z,2021-12-14T12:00:25Z,IP Address,100,478,TRUE,2021-12-14T12:00:25Z,R_3rMx2SWbBUpwIwR,anonymous,EN,I consent to participate in this study.,30,30,50,40,35,35,15,15,25,39,20,15,15,15,16,9,6,12,34,33,36,30,5,7,4,3,50,12,17,5,60,100,100,30,32,15,55,75,78,10,3,1,40,70,50,5,3,1,50,90,90,35,10,9,5,4,6,35,70,69,77,Somewhat disagree,Strongly agree,Somewhat disagree,Somewhat disagree,Somewhat agree,Neutral,Somewhat agree,Somewhat agree,Somewhat agree,Neutral,34,Man,Never married
2021-12-14T11:49:25Z,2021-12-14T12:00:46Z,IP Address,100,680,TRUE,2021-12-14T12:00:46Z,R_2bZrlGE82YbTy41,anonymous,EN,I consent to participate in this study.,20,5,50,50,50,45,30,30,30,50,50,18,30,10,15,50,50,25,30,25,40,80,50,40,5,5,65,50,50,3,20,2,10,15,15,10,75,75,55,5,0,0,65,25,20,15,15,1,5,10,50,2,0,0,10,5,5,50,50,20,77,Strongly disagree,Strongly disagree,Somewhat agree,Somewhat disagree,Strongly agree,Somewhat disagree,Somewhat agree,Strongly disagree,Somewhat agree,Somewhat disagree,36,Woman,Never married
2021-12-14T11:55:47Z,2021-12-14T12:00:57Z,IP Address,100,310,TRUE,2021-12-14T12:00:58Z,R_25SDTDb7tF0i8K4,anonymous,EN,I consent to participate in this study.,5,5,50,50,50,30,20,20,20,70,65,15,10,5,5,10,5,10,15,15,20,35,15,15,15,10,40,50,50,5,20,25,60,15,10,11,45,75,75,2,10,5,30,30,25,1,1,1,60,90,90,5,15,15,5,5,3,15,15,25,77,Somewhat disagree,Somewhat agree,Somewhat agree,Somewhat disagree,Somewhat agree,Strongly agree,Strongly agree,Somewhat agree,Somewhat agree,Somewhat disagree,30,Man,Married
2021-12-14T11:54:09Z,2021-12-14T12:01:22Z,IP Address,100,433,TRUE,2021-12-14T12:01:22Z,R_30d8uvYf8T5h4zI,anonymous,EN,I consent to participate in this study.,6,4,10,40,40,35,15,10,25,35,20,20,5,5,5,15,20,20,10,2,20,25,10,15,60,62,65,20,5,1,70,60,65,20,30,15,30,21,60,65,55,4,60,50,35,60,40,45,30,25,60,45,45,62,30,45,15,60,60,35,77,Strongly disagree,Strongly agree,Strongly disagree,Strongly agree,Somewhat agree,Strongly agree,Strongly disagree,Strongly disagree,Strongly agree,Strongly agree,30,Woman,Never married
2021-12-14T11:51:59Z,2021-12-14T12:01:25Z,IP Address,100,566,TRUE,2021-12-14T12:01:26Z,R_YQVg9k7OlKhlENb,anonymous,EN,I consent to participate in this study.,40,40,70,30,30,41,30,21,30,30,30,18,30,20,17,40,76,26,35,40,40,60,75,40,60,60,65,36,30,3,90,20,50,10,10,11,60,100,90,50,50,3,80,20,22,2,2,1,40,50,61,80,80,16,10,2,9,50,50,23,77,Strongly agree,Somewhat agree,Strongly disagree,Strongly agree,Strongly agree,Strongly agree,Strongly disagree,Somewhat agree,Strongly disagree,Strongly agree,32,Woman,Never married
2021-12-14T11:46:26Z,2021-12-14T12:01:27Z,IP Address,100,900,TRUE,2021-12-14T12:01:27Z,R_1loDeHhCANzSGtx,anonymous,EN,I consent to participate in this study.,25,20,50,70,70,50,25,25,35,30,40,20,30,30,17,4,4,20,50,50,50,40,0,0,35,25,75,40,70,5,50,100,100,25,10,5,40,50,50,2,4,4,30,25,18,1,1,1,45,100,100,15,1,5,5,1,1,20,25,20,77,Somewhat agree,Strongly agree,Neutral,Somewhat disagree,Somewhat agree,Somewhat agree,Somewhat disagree,Strongly agree,Somewhat disagree,Somewhat agree,34,Man,Married
2021-12-14T11:56:08Z,2021-12-14T12:01:49Z,IP Address,100,340,TRUE,2021-12-14T12:01:49Z,R_a91MaX5eLFWRN8B,anonymous,EN,I consent to participate in this study.,39,0,0,20,20,41,25,20,31,35,21,18,15,10,17,60,56,26,58,60,40,54,0,0,36,26,65,30,24,5,45,5,0,5,5,11,40,100,95,35,50,15,35,0,0,2,0,0,45,10,15,54,0,0,12,0,0,3,0,23,77,Somewhat disagree,Somewhat disagree,Somewhat agree,Strongly disagree,Neutral,Somewhat disagree,Strongly agree,Strongly disagree,Strongly agree,Somewhat disagree,36,Woman,Never married
2021-12-14T11:55:16Z,2021-12-14T12:01:56Z,IP Address,100,400,TRUE,2021-12-14T12:01:56Z,R_243V6th4WgwfWqR,anonymous,EN,I consent to participate in this study.,25,10,10,50,40,30,45,30,30,15,20,20,10,5,5,25,5,5,35,40,45,35,5,5,5,5,50,20,25,10,25,100,100,30,25,10,15,10,25,10,1,1,30,5,5,5,1,1,75,99,99,25,1,1,5,1,1,30,80,80,77,Strongly agree,Neutral,Strongly disagree,Strongly agree,Somewhat agree,Somewhat agree,Strongly disagree,Somewhat disagree,Strongly disagree,Strongly agree,50,Woman,Married
2021-12-14T11:53:31Z,2021-12-14T12:02:02Z,IP Address,100,510,TRUE,2021-12-14T12:02:02Z,R_2fxh8u7s7ISeeGU,anonymous,EN,I consent to participate in this study.,15,15,50,55,55,40,45,45,35,60,60,25,10,9,15,4,2,8,35,20,30,50,50,45,9,9,40,15,10,3,29,40,60,5,2,3,30,20,30,4,1,2,50,50,35,5,3,1,60,65,60,33,35,20,15,20,10,14,25,25,77,Somewhat agree,Somewhat agree,Somewhat disagree,Strongly agree,Somewhat agree,Strongly agree,Neutral,Somewhat agree,Somewhat disagree,Strongly agree,28,Man,Never married
2021-12-14T11:54:06Z,2021-12-14T12:02:45Z,IP Address,100,519,TRUE,2021-12-14T12:02:46Z,R_ZkqOT06qzs7RhWp,anonymous,EN,I consent to participate in this study.,10,2,20,28,80,45,55,65,40,30,20,20,50,65,35,15,5,5,75,80,40,55,0,0,28,25,65,22,25,8,75,100,100,30,10,8,18,0,0,5,0,0,40,8,10,5,1,0,65,0,0,35,30,16,40,10,5,40,95,80,77,Somewhat agree,Strongly agree,Somewhat disagree,Strongly agree,Strongly agree,Strongly agree,Strongly disagree,Strongly agree,Strongly disagree,Somewhat agree,55,Woman,Divorced
2021-12-14T11:50:42Z,2021-12-14T12:02:55Z,IP Address,100,733,TRUE,2021-12-14T12:02:56Z,R_21Au8Cf7X8s2QbM,anonymous,EN,I consent to participate in this study.,21,13,78,21,65,42,24,12,25,26,24,15,21,12,10,76,25,31,50,27,39,12,10,25,2,23,25,21,10,2,75,45,78,25,34,25,56,24,60,21,25,5,26,45,75,23,0,0,25,12,54,45,25,15,25,35,6,27,34,22,77,Neutral,Neutral,Somewhat agree,Strongly agree,Somewhat agree,Somewhat agree,Somewhat agree,Neutral,Somewhat agree,Strongly agree,29,Woman,Married
2021-12-14T11:55:33Z,2021-12-14T12:03:50Z,IP Address,100,497,TRUE,2021-12-14T12:03:51Z,R_2D6o1js6C7p6fZJ,anonymous,EN,I consent to participate in this study.,20,0,0,60,65,50,20,20,25,30,40,40,30,40,30,10,10,20,35,45,45,50,0,0,15,33,75,30,33,3,50,100,100,5,0,0,30,90,90,5,5,2,40,50,40,5,1,0,50,10,10,50,90,90,20,89,90,60,65,40,77,Somewhat agree,Somewhat agree,Somewhat disagree,Neutral,Somewhat agree,Neutral,Somewhat disagree,Somewhat agree,Somewhat agree,Somewhat agree,38,Man,Never married
2021-12-14T11:46:50Z,2021-12-14T12:03:52Z,IP Address,100,1021,TRUE,2021-12-14T12:03:52Z,R_1jPn3VOybKq7kjv,anonymous,EN,I consent to participate in this study.,20,10,50,20,15,40,50,20,25,50,50,18,40,30,15,40,40,20,15,10,40,50,2,2,20,20,60,15,15,3,50,100,100,10,20,15,10,20,58,10,10,2,10,1,1,2,0,1,20,50,60,10,0,0,1,0,0,50,50,23,77,Neutral,Somewhat agree,Neutral,Somewhat disagree,Somewhat agree,Neutral,Neutral,Somewhat disagree,Neutral,Neutral,49,Woman,Married
2021-12-14T11:51:37Z,2021-12-14T12:03:59Z,IP Address,100,742,TRUE,2021-12-14T12:03:59Z,R_30lekbWAQK51wxo,anonymous,EN,I consent to participate in this study.,10,20,30,60,60,50,20,20,25,50,50,50,15,20,15,5,5,5,25,25,30,18,0,0,20,20,20,2,2,2,20,100,100,0,0,10,10,90,90,1,1,1,10,10,25,0,0,0,10,5,0,20,100,100,10,100,100,50,25,20,77,Somewhat agree,Strongly agree,Somewhat disagree,Strongly agree,Somewhat agree,Neutral,Strongly disagree,Somewhat agree,Strongly disagree,Strongly agree,42,Man,Never married
2021-12-14T11:46:18Z,2021-12-14T12:04:08Z,IP Address,100,1070,TRUE,2021-12-14T12:04:08Z,R_3EcoTLshSvgm32T,anonymous,EN,I consent to participate in this study.,40,40,76,60,25,41,23,60,45,35,0,0,35,25,10,36,15,15,15,10,25,55,0,0,24,100,100,15,10,5,67,100,100,40,30,20,18,10,40,4,3,3,22,100,100,9,0,1,70,100,100,50,0,0,24,0,0,14,3,20,77,Strongly disagree,Somewhat disagree,Neutral,Somewhat disagree,Somewhat agree,Somewhat agree,Somewhat agree,Somewhat disagree,Somewhat agree,Strongly disagree,78,Woman,Married
2021-12-14T11:53:05Z,2021-12-14T12:04:23Z,IP Address,100,678,TRUE,2021-12-14T12:04:24Z,R_29cy9o9laNPohCs,anonymous,EN,I consent to participate in this study.,20,10,10,80,20,20,15,5,5,45,10,10,15,5,5,33,10,15,40,25,25,50,0,0,5,2,2,22,2,2,44,20,20,2,1,10,20,10,25,5,1,1,10,5,5,10,5,1,5,0,0,10,10,10,10,2,2,35,90,90,77,Somewhat agree,Somewhat agree,Somewhat disagree,Strongly agree,Somewhat agree,Somewhat agree,Somewhat disagree,Somewhat agree,Neutral,Somewhat agree,41,Woman,Never married
2021-12-14T11:59:55Z,2021-12-14T12:04:24Z,IP Address,100,269,TRUE,2021-12-14T12:04:25Z,R_29ne0FGxWSAJx7H,anonymous,EN,I consent to participate in this study.,36,36,50,64,78,70,16,21,35,21,30,27,7,7,17,12,12,26,60,80,80,35,1,1,10,5,30,26,26,3,34,30,30,5,1,1,75,90,90,10,100,100,50,50,10,12,1,1,50,30,30,50,8,8,1,1,1,80,90,60,77,Somewhat disagree,Strongly agree,Neutral,Somewhat agree,Strongly agree,Somewhat agree,Somewhat agree,Strongly agree,Somewhat agree,Somewhat agree,31,Man,Never married
2021-12-14T11:59:20Z,2021-12-14T12:04:46Z,IP Address,100,325,TRUE,2021-12-14T12:04:46Z,R_1N5sS3M4793KoF5,anonymous,EN,I consent to participate in this study.,15,1,15,20,10,20,40,15,15,35,2,2,2,1,2,5,2,2,35,10,10,75,0,0,23,15,15,35,25,2,25,10,10,15,25,25,35,99,99,2,0,0,50,85,85,5,5,5,10,0,0,10,1,1,15,0,0,35,99,99,77,Neutral,Strongly agree,Strongly disagree,Neutral,Somewhat agree,Neutral,Strongly disagree,Strongly agree,Strongly disagree,Strongly agree,26,Man,Never married
2021-12-14T11:59:38Z,2021-12-14T12:04:58Z,IP Address,100,319,TRUE,2021-12-14T12:04:58Z,R_3qx2Gx6t8chC9ME,anonymous,EN,I consent to participate in this study.,12,15,65,65,65,50,15,15,30,35,30,20,23,25,20,8,7,12,45,45,45,50,35,40,40,40,65,20,20,5,71,99,99,5,5,10,50,70,65,35,55,5,29,25,25,1,1,1,35,50,60,12,20,20,5,5,7,8,5,13,77,Neutral,Somewhat disagree,Somewhat agree,Somewhat disagree,Somewhat agree,Somewhat agree,Neutral,Neutral,Neutral,Neutral,30,Man,Married
2021-12-14T11:49:42Z,2021-12-14T12:05:46Z,IP Address,100,963,TRUE,2021-12-14T12:05:46Z,R_qCJ8iDyT9k8mxMZ,anonymous,EN,I consent to participate in this study.,87,80,76,38,38,40,35,30,30,38,38,15,20,20,15,25,45,20,60,50,40,70,50,30,3,3,60,47,30,1,40,50,90,50,50,8,28,50,80,2,0,0,2,2,20,8,8,2,15,99,99,75,75,16,5,10,10,1,1,10,77,Somewhat agree,Neutral,Somewhat disagree,Somewhat agree,Somewhat agree,Strongly agree,Somewhat disagree,NA,Somewhat disagree,Somewhat agree,39,Woman,Married
2021-12-14T11:48:41Z,2021-12-14T12:05:51Z,IP Address,100,1029,TRUE,2021-12-14T12:05:51Z,R_3GjhTlUJMVRnUw2,anonymous,EN,I consent to participate in this study.,10,10,76,85,85,50,20,25,35,25,25,18,20,20,17,10,10,26,30,30,40,55,5,5,10,10,65,10,10,3,65,100,100,5,3,5,60,90,90,2,0,0,35,35,35,1,1,1,40,100,100,70,0,0,20,0,0,2,2,5,77,Neutral,Strongly agree,Somewhat disagree,Somewhat disagree,Strongly agree,Somewhat agree,Somewhat disagree,Somewhat agree,Somewhat disagree,Neutral,60,Man,Married
2021-12-14T11:48:22Z,2021-12-14T12:05:54Z,IP Address,100,1052,TRUE,2021-12-14T12:05:55Z,R_3qmQJpS4QchkgMR,anonymous,EN,I consent to participate in this study.,60,55,70,70,85,50,35,25,28,30,50,25,12,17,20,25,28,28,65,68,45,70,50,40,15,20,65,30,40,10,75,60,75,8,2,5,35,20,35,10,3,1,40,40,15,5,0,0,13,20,55,10,5,10,12,5,3,70,65,18,77,Strongly disagree,Somewhat disagree,Strongly agree,Strongly disagree,Strongly agree,Somewhat agree,Strongly agree,Somewhat disagree,Strongly agree,Strongly disagree,31,Woman,Never married
2021-12-14T11:54:51Z,2021-12-14T12:06:17Z,IP Address,100,686,TRUE,2021-12-14T12:06:18Z,R_1FhXHdebes5zw1s,anonymous,EN,I consent to participate in this study.,30,5,25,75,75,40,15,20,35,15,15,16,15,15,15,10,5,10,33,35,40,40,20,20,20,20,65,15,10,1,70,100,100,3,1,2,25,35,65,1,1,1,70,75,60,5,1,1,75,75,70,40,15,5,5,1,1,80,80,40,77,Somewhat agree,Strongly agree,Somewhat disagree,Somewhat agree,Somewhat agree,Somewhat disagree,Somewhat disagree,Strongly agree,Somewhat disagree,Somewhat agree,43,Man,Never married
2021-12-14T12:00:06Z,2021-12-14T12:07:50Z,IP Address,100,463,TRUE,2021-12-14T12:07:50Z,R_2BfyJFpzvKA6wNE,anonymous,EN,I consent to participate in this study.,42,12,34,57,24,28,26,12,18,38,21,15,27,8,12,22,10,16,65,25,33,35,21,37,20,5,25,28,2,1,31,27,62,3,10,18,42,68,72,54,20,1,20,18,23,2,5,2,38,39,65,22,32,24,11,15,12,32,70,65,77,Somewhat disagree,Somewhat disagree,Somewhat agree,Neutral,Strongly agree,Neutral,Neutral,Neutral,Somewhat disagree,Somewhat agree,28,Man,Prefer not to say
2021-12-14T11:55:27Z,2021-12-14T12:08:06Z,IP Address,100,759,TRUE,2021-12-14T12:08:06Z,R_3EMQSMPEWjxpXvD,anonymous,EN,I consent to participate in this study.,80,80,80,25,15,25,40,50,50,25,15,10,15,10,15,60,50,25,20,10,20,65,40,40,50,65,65,50,30,5,40,100,100,20,40,25,25,0,0,10,0,0,50,70,70,32,50,10,25,100,100,10,0,0,12,0,0,0,0,0,77,Somewhat disagree,Neutral,Somewhat agree,Somewhat disagree,Somewhat agree,Neutral,Neutral,Somewhat disagree,Somewhat agree,Somewhat agree,44,Woman,Married
2021-12-14T11:58:08Z,2021-12-14T12:08:26Z,IP Address,100,617,TRUE,2021-12-14T12:08:26Z,R_AHcxLAD8gSYMW09,anonymous,EN,I consent to participate in this study.,40,40,60,60,20,30,60,40,25,40,20,18,60,30,5,70,70,20,40,40,40,80,0,0,20,10,20,40,30,1,30,50,80,7,7,7,60,60,60,60,60,3,80,80,80,0,0,1,30,100,100,40,100,100,2,70,70,2,2,20,77,Strongly agree,Strongly agree,Strongly agree,Strongly agree,Strongly agree,Strongly agree,Strongly disagree,Strongly agree,Strongly disagree,Strongly agree,28,Woman,Married
2021-12-14T12:02:09Z,2021-12-14T12:09:01Z,IP Address,100,411,TRUE,2021-12-14T12:09:02Z,R_3Jlzgf6uqJp60ov,anonymous,EN,I consent to participate in this study.,25,100,100,75,99,99,20,35,45,50,85,85,25,35,30,40,100,100,10,100,100,50,5,3,5,15,80,1,5,7,50,5,5,2,1,1,30,0,0,60,100,100,15,1,1,1,1,1,30,50,50,5,1,1,5,1,1,40,60,45,77,Strongly disagree,Strongly disagree,Somewhat agree,Strongly disagree,Somewhat disagree,Strongly agree,Strongly agree,Strongly disagree,Strongly agree,Strongly disagree,30,Woman,Never married
2021-12-14T11:57:20Z,2021-12-14T12:09:33Z,IP Address,100,732,TRUE,2021-12-14T12:09:34Z,R_3PbK3Ti3gNL9p45,anonymous,EN,I consent to participate in this study.,10,10,50,27,27,35,8,8,8,20,20,20,10,10,17,5,5,25,18,18,30,35,35,35,10,10,65,4,4,3,20,20,80,15,15,10,40,40,85,1,1,3,40,40,30,5,5,4,20,20,20,20,20,20,5,5,5,55,55,50,77,Somewhat agree,Somewhat agree,Strongly disagree,Somewhat agree,Somewhat agree,Neutral,Strongly disagree,Somewhat agree,Strongly disagree,Strongly agree,36,Man,Never married
2021-12-14T11:59:28Z,2021-12-14T12:09:37Z,IP Address,100,609,TRUE,2021-12-14T12:09:37Z,R_3jVFEo6D2GybSzY,anonymous,EN,I consent to participate in this study.,70,40,40,60,55,55,5,5,40,60,65,13,6,3,10,10,5,20,5,3,10,30,10,30,30,30,50,2,1,1,70,85,90,10,10,11,35,60,70,1,0,0,70,80,50,1,0,0,70,90,80,50,100,100,7,50,30,4,10,45,77,Somewhat agree,Somewhat agree,Somewhat disagree,Somewhat agree,Neutral,Somewhat agree,Somewhat disagree,Somewhat agree,Somewhat disagree,Somewhat agree,21,Woman,Never married
2021-12-14T12:03:08Z,2021-12-14T12:10:09Z,IP Address,100,420,TRUE,2021-12-14T12:10:09Z,R_3g1O7EqrsC5XSNf,anonymous,EN,I consent to participate in this study.,55,55,75,45,50,40,39,30,30,60,60,15,25,25,13,40,20,20,60,60,40,60,5,5,40,35,60,65,70,1,40,50,75,6,4,5,52,60,60,1,0,0,25,30,25,30,30,1,52,90,90,12,10,12,4,0,0,3,3,20,27,Somewhat agree,Strongly agree,Neutral,Somewhat agree,Strongly agree,Neutral,Somewhat disagree,Neutral,Somewhat disagree,Somewhat agree,25,Man,Never married
2021-12-14T11:51:28Z,2021-12-14T12:10:59Z,IP Address,100,1171,TRUE,2021-12-14T12:11:00Z,R_117KaFxEeRr0W4O,anonymous,EN,I consent to participate in this study.,1,1,76,35,50,35,20,15,15,40,50,50,60,45,45,99,100,100,70,100,100,35,1,1,70,60,60,40,100,100,40,100,100,1,5,15,40,90,90,10,100,100,20,70,65,1,1,1,20,70,90,100,100,100,12,80,80,1,1,25,77,Strongly agree,Strongly agree,Strongly disagree,Somewhat agree,Strongly agree,Strongly agree,Strongly disagree,Strongly agree,Strongly disagree,Strongly agree,31,Man,Married
2021-12-14T12:02:57Z,2021-12-14T12:11:05Z,IP Address,100,488,TRUE,2021-12-14T12:11:05Z,R_31KjP3RY0FIqOC8,anonymous,EN,I consent to participate in this study.,45,45,70,65,75,75,30,35,35,55,60,55,35,35,17,35,45,25,17,10,35,55,25,25,45,45,55,25,15,5,58,100,100,5,1,1,45,45,50,5,1,1,35,25,18,10,2,1,25,10,10,65,80,75,5,15,14,1,1,15,77,Neutral,Neutral,Somewhat disagree,Neutral,Somewhat disagree,Strongly agree,Somewhat disagree,Neutral,Somewhat disagree,Neutral,33,Man,Never married
2021-12-14T11:57:09Z,2021-12-14T12:12:32Z,IP Address,100,923,TRUE,2021-12-14T12:12:33Z,R_12osyb2qVKFDbYT,anonymous,EN,I consent to participate in this study.,56,1,1,78,1,1,3,0,0,63,0,0,28,1,1,30,1,1,38,1,1,40,2,2,5,1,1,25,1,1,68,100,100,49,100,100,45,99,99,50,50,50,32,90,90,13,100,100,51,100,100,59,100,100,100,100,100,30,1,99,77,Strongly agree,Neutral,Neutral,Strongly agree,Neutral,Strongly agree,Strongly disagree,Somewhat agree,Strongly disagree,Strongly agree,45,Woman,Married
2021-12-14T12:07:48Z,2021-12-14T12:13:51Z,IP Address,100,363,TRUE,2021-12-14T12:13:51Z,R_1itHN9HlJSNXgEE,anonymous,EN,I consent to participate in this study.,15,5,40,90,80,60,18,5,8,45,25,15,22,5,7,35,10,10,25,10,20,60,50,50,70,50,60,33,25,10,20,25,45,15,3,2,45,90,90,1,0,0,67,75,60,1,0,0,25,5,5,1,5,6,2,0,0,2,5,15,77,Strongly agree,Strongly agree,Somewhat disagree,Somewhat agree,Somewhat agree,Neutral,Strongly disagree,Strongly agree,Strongly disagree,Strongly agree,33,Man,Never married
2021-12-14T12:01:48Z,2021-12-14T12:13:53Z,IP Address,100,725,TRUE,2021-12-14T12:13:53Z,R_2Scb3BpmfxsC1oa,anonymous,EN,I consent to participate in this study.,20,15,60,45,35,30,25,20,25,35,25,10,10,8,15,8,3,20,27,27,40,40,100,100,15,10,55,5,8,6,65,100,100,10,15,11,45,30,35,15,10,3,35,60,55,3,5,3,5,100,100,30,100,100,30,90,90,15,15,23,77,Somewhat agree,Somewhat agree,Strongly disagree,Somewhat agree,Somewhat agree,Somewhat disagree,Strongly disagree,Strongly agree,Strongly disagree,Strongly agree,43,Man,Married
2021-12-14T12:02:26Z,2021-12-14T12:15:03Z,IP Address,100,756,TRUE,2021-12-14T12:15:03Z,R_2ZE7iZehB8hT5lT,anonymous,EN,I consent to participate in this study.,8,5,15,19,18,30,4,3,9,45,40,15,4,2,7,11,9,12,15,8,18,62,60,45,10,10,15,19,6,3,75,100,100,24,35,19,40,70,65,10,10,3,19,20,22,5,8,3,40,60,60,4,4,5,1,2,2,55,50,25,77,Somewhat agree,Somewhat agree,Somewhat disagree,Somewhat disagree,Strongly agree,Strongly agree,Somewhat disagree,Neutral,Somewhat disagree,Somewhat agree,28,Man,Never married
2021-12-14T11:55:46Z,2021-12-14T12:15:20Z,IP Address,100,1173,TRUE,2021-12-14T12:15:20Z,R_2vbScODQlcgkQUi,anonymous,EN,I consent to participate in this study.,65,50,76,50,60,50,37,40,35,62,50,20,30,30,17,20,20,26,40,40,40,40,5,5,9,50,65,15,15,3,35,100,100,8,8,11,30,75,75,4,4,3,24,25,22,2,2,1,75,95,95,42,30,30,6,0,0,5,0,0,77,Somewhat agree,Somewhat agree,Strongly disagree,Somewhat agree,Strongly agree,Strongly agree,Strongly disagree,Strongly agree,Strongly disagree,Strongly agree,26,Man,Married
2021-12-14T11:46:18Z,2021-12-14T12:15:32Z,IP Address,100,1754,TRUE,2021-12-14T12:15:33Z,R_z6kbuP3bXoYvXix,anonymous,EN,I consent to participate in this study.,10,2,2,15,15,30,20,15,15,15,15,15,20,15,15,3,2,10,10,10,10,45,0,0,15,15,40,30,20,3,40,40,70,3,3,5,60,70,70,2,0,0,20,0,0,5,5,1,59,100,100,20,0,0,10,0,0,30,40,40,77,Strongly disagree,Somewhat disagree,Strongly agree,Strongly disagree,Neutral,Neutral,Strongly agree,Somewhat disagree,Strongly agree,Strongly disagree,29,Man,Married
2021-12-14T12:00:56Z,2021-12-14T12:15:43Z,IP Address,100,887,TRUE,2021-12-14T12:15:43Z,R_2ZTyXBOdQIw7tJC,anonymous,EN,I consent to participate in this study.,30,30,30,50,5,5,50,1,1,35,5,5,25,1,25,5,3,5,60,2,2,50,20,20,30,2,5,30,5,4,60,60,60,10,80,80,20,100,100,5,5,5,10,95,95,2,80,80,30,15,15,10,40,40,5,10,10,10,60,60,77,Neutral,Somewhat agree,Neutral,Somewhat agree,Neutral,Somewhat agree,Neutral,Somewhat agree,Somewhat agree,Neutral,38,Man,Never married
2021-12-14T12:01:46Z,2021-12-14T12:16:38Z,IP Address,100,892,TRUE,2021-12-14T12:16:39Z,R_qCVcc3G7k6PHs5P,anonymous,EN,I consent to participate in this study.,19,14,40,75,60,50,40,35,25,30,10,10,20,15,13,10,7,15,6,5,30,55,25,20,30,45,75,7,10,5,38,100,100,15,18,14,20,5,15,4,0,0,35,75,50,3,4,2,50,100,100,12,0,0,9,0,0,5,8,15,77,Somewhat agree,Strongly agree,Strongly disagree,Somewhat agree,Somewhat agree,Neutral,Strongly disagree,Somewhat agree,Strongly disagree,Strongly agree,56,Woman,Married
2021-12-14T12:07:25Z,2021-12-14T12:17:39Z,IP Address,100,614,TRUE,2021-12-14T12:17:40Z,R_2P0aN7MjhCClCdk,anonymous,EN,I consent to participate in this study.,50,50,70,80,98,70,15,25,29,65,55,55,55,27,15,75,50,25,42,57,32,43,50,35,8,15,45,21,35,11,50,100,100,1,1,4,46,50,35,25,1,1,77,50,15,0,0,0,33,25,45,80,75,35,65,35,15,25,50,35,77,Somewhat agree,Neutral,Neutral,Strongly agree,Strongly agree,Somewhat agree,Somewhat disagree,Neutral,Somewhat disagree,Neutral,33,Man,Never married
2021-12-14T12:10:36Z,2021-12-14T12:17:46Z,IP Address,100,430,TRUE,2021-12-14T12:17:46Z,R_2aFep5ER1dQtxrZ,anonymous,EN,I consent to participate in this study.,60,0,0,20,10,10,40,20,20,20,10,20,10,0,17,75,50,30,5,10,20,75,0,0,40,60,65,20,10,3,10,20,40,50,70,80,20,0,20,1,0,0,5,0,0,40,60,30,20,0,0,20,80,80,20,60,60,50,75,46,77,Somewhat agree,Somewhat agree,Somewhat disagree,Somewhat agree,Neutral,Somewhat agree,Somewhat disagree,Somewhat disagree,Somewhat disagree,Somewhat agree,30,Man,Never married
2021-12-14T12:10:07Z,2021-12-14T12:17:48Z,IP Address,100,460,TRUE,2021-12-14T12:17:48Z,R_2xLtamNv3AeGrgv,anonymous,EN,I consent to participate in this study.,23,25,45,80,80,40,26,12,26,34,12,5,25,12,12,12,21,24,22,25,22,28,10,20,23,23,35,24,22,1,24,22,45,55,22,4,35,23,45,67,45,2,25,24,24,4,1,1,5,3,34,80,80,20,12,23,5,22,25,12,77,Somewhat agree,Somewhat agree,Strongly agree,Neutral,Somewhat agree,Somewhat agree,Somewhat agree,Neutral,Neutral,Neutral,33,Man,Married
2021-12-14T12:00:26Z,2021-12-14T12:18:37Z,IP Address,100,1091,TRUE,2021-12-14T12:18:37Z,R_2urCIcqpQejQiJA,anonymous,EN,I consent to participate in this study.,45,35,60,50,78,78,20,5,8,33,66,66,28,10,10,8,3,12,55,70,60,45,100,100,5,5,65,18,5,1,80,20,20,6,1,1,25,66,66,10,1,1,50,1,1,8,3,1,75,10,10,25,2,1,6,1,1,33,65,50,77,Strongly disagree,Somewhat disagree,Strongly agree,Strongly disagree,Somewhat agree,Somewhat agree,Strongly agree,Neutral,Strongly agree,Strongly disagree,38,Man,Divorced
2021-12-14T12:02:31Z,2021-12-14T12:19:09Z,IP Address,100,998,TRUE,2021-12-14T12:19:09Z,R_2aETEPkZHrrkUn7,anonymous,EN,I consent to participate in this study.,30,20,50,35,45,45,30,40,40,25,30,20,13,15,20,20,15,20,30,40,40,35,15,20,15,25,65,40,10,1,70,100,100,15,10,10,40,30,30,5,5,2,60,80,60,5,2,1,70,90,90,15,25,20,5,5,5,10,5,5,77,Neutral,Somewhat agree,Neutral,Somewhat agree,Somewhat agree,Strongly agree,Somewhat disagree,Neutral,Strongly disagree,Somewhat agree,32,Woman,Married
2021-12-14T12:15:41Z,2021-12-14T12:20:31Z,IP Address,100,290,TRUE,2021-12-14T12:20:32Z,R_56DA0x4X3QUpqHD,anonymous,EN,I consent to participate in this study.,20,15,20,55,65,65,45,35,35,25,40,40,25,15,15,20,15,15,20,25,25,45,40,40,15,10,30,17,23,15,30,35,35,20,10,10,55,80,80,2,1,1,5,2,5,5,2,1,20,10,10,20,25,20,1,2,1,45,70,65,77,Neutral,Somewhat agree,Neutral,Somewhat disagree,Strongly agree,Neutral,Neutral,Neutral,Neutral,Neutral,29,Man,Never married
2021-12-14T12:12:57Z,2021-12-14T12:22:46Z,IP Address,100,589,TRUE,2021-12-14T12:22:46Z,R_cAzToKOaLBz9FQJ,anonymous,EN,I consent to participate in this study.,51,50,55,92,90,40,7,5,10,22,20,17,7,5,8,15,2,5,8,5,20,20,1,5,17,15,35,10,3,3,55,50,70,21,20,10,33,40,60,3,0,1,35,10,12,5,5,1,45,100,100,12,8,12,5,1,3,60,75,50,77,Neutral,Strongly agree,Strongly disagree,Neutral,Strongly agree,Neutral,Strongly disagree,Somewhat agree,Strongly disagree,Strongly agree,39,Man,Married
2021-12-14T12:16:10Z,2021-12-14T12:23:22Z,IP Address,100,432,TRUE,2021-12-14T12:23:22Z,R_3ensXFzNc1QQ7Xj,anonymous,EN,I consent to participate in this study.,68,15,40,50,30,25,50,30,20,40,2,10,33,10,3,4,2,6,50,100,100,55,100,100,50,60,65,70,60,6,40,100,100,6,9,12,50,2,6,2,0,0,37,90,89,5,7,5,60,100,100,30,0,0,37,0,0,3,1,20,77,Neutral,Strongly agree,Strongly disagree,Neutral,Somewhat agree,Strongly agree,Strongly disagree,Somewhat agree,Strongly disagree,Somewhat agree,64,Woman,Married
2021-12-14T12:11:59Z,2021-12-14T12:25:08Z,IP Address,100,788,TRUE,2021-12-14T12:25:08Z,R_eA12riB1wqSmh0Z,anonymous,EN,I consent to participate in this study.,10,5,50,80,80,40,8,0,5,40,15,5,15,2,3,8,1,5,5,1,20,40,0,0,5,0,50,40,20,1,85,100,100,5,5,10,14,100,100,5,0,0,45,100,50,2,1,1,50,100,100,15,100,100,3,0,3,2,0,10,77,Somewhat disagree,Somewhat agree,Somewhat disagree,Somewhat agree,Strongly agree,Somewhat disagree,Neutral,Strongly disagree,Somewhat disagree,Somewhat agree,26,Man,Never married
2021-12-14T11:46:14Z,2021-12-14T12:25:14Z,IP Address,100,2340,TRUE,2021-12-14T12:25:14Z,R_2AX8eMFsy86zgw4,anonymous,EN,I consent to participate in this study.,10,10,75,25,25,40,37,35,30,35,30,15,8,8,17,10,10,25,50,40,40,63,0,0,8,10,70,25,40,10,75,100,85,38,75,30,70,50,50,20,0,5,10,10,22,18,20,10,30,100,100,20,0,0,5,0,0,20,50,40,77,Strongly agree,Strongly agree,Strongly disagree,Strongly agree,Somewhat agree,Strongly agree,Strongly disagree,Strongly agree,Strongly disagree,Somewhat agree,36,Woman,Married
2021-12-14T11:47:42Z,2021-12-14T12:26:05Z,IP Address,100,2302,TRUE,2021-12-14T12:26:06Z,R_yrroIhdTvuM2YgN,anonymous,EN,I consent to participate in this study.,50,45,55,25,10,20,8,3,10,35,20,15,15,5,5,5,2,5,35,15,15,45,15,5,5,2,25,50,15,2,70,100,100,20,40,25,45,90,90,3,5,5,15,95,95,10,18,5,65,100,100,7,100,100,20,85,85,15,25,45,77,Strongly agree,Strongly agree,Strongly disagree,Strongly agree,Strongly agree,Strongly agree,Strongly disagree,Strongly agree,Strongly disagree,Strongly agree,38,Man,Married
2021-12-14T12:18:35Z,2021-12-14T12:26:48Z,IP Address,100,493,TRUE,2021-12-14T12:26:48Z,R_qyowlC0iV1eebQt,anonymous,EN,I consent to participate in this study.,10,1,15,55,5,5,20,5,5,30,1,1,8,2,8,5,5,10,10,2,10,20,5,5,15,15,40,20,10,1,55,100,100,20,70,70,65,98,98,1,2,5,30,10,10,5,25,15,20,100,100,30,20,8,20,5,5,25,25,20,77,Strongly agree,Strongly agree,Strongly disagree,Strongly agree,Strongly agree,Somewhat agree,Strongly disagree,Somewhat agree,Strongly disagree,Strongly agree,60,Woman,Married
2021-12-14T12:21:56Z,2021-12-14T12:27:23Z,IP Address,100,327,TRUE,2021-12-14T12:27:24Z,R_qL1eKccgRDc2uNb,anonymous,EN,I consent to participate in this study.,10,1,1,60,60,41,25,5,5,35,35,18,15,5,5,2,1,1,5,3,20,50,5,5,10,10,65,2,1,1,60,30,40,15,10,11,35,95,95,2,1,1,30,80,70,2,1,1,55,10,10,25,10,10,20,5,5,85,95,65,77,Strongly disagree,Strongly disagree,Strongly agree,Strongly disagree,Strongly disagree,Somewhat disagree,Strongly agree,Strongly disagree,Strongly agree,Strongly disagree,27,Man,Never married
2021-12-14T12:22:38Z,2021-12-14T12:28:12Z,IP Address,100,333,TRUE,2021-12-14T12:28:12Z,R_3rNbwsbk84u7Rbd,anonymous,EN,I consent to participate in this study.,25,30,75,80,99,99,16,20,32,70,80,80,4,9,20,50,50,50,70,95,99,75,20,10,22,25,65,60,90,90,25,25,25,1,0,0,41,81,81,5,0,0,10,0,0,1,0,0,75,100,100,20,0,0,1,0,0,10,0,0,77,Somewhat disagree,Somewhat disagree,Somewhat agree,Somewhat disagree,Somewhat agree,Neutral,Somewhat agree,Somewhat disagree,Somewhat agree,Neutral,38,Man,Married
2021-12-14T12:22:51Z,2021-12-14T12:28:38Z,IP Address,100,347,TRUE,2021-12-14T12:28:38Z,R_3I3Qr9ec1vjHDGL,anonymous,EN,I consent to participate in this study.,25,20,65,30,35,40,30,20,30,70,60,20,25,20,20,15,10,15,85,70,45,55,40,40,85,80,60,20,15,5,45,40,70,15,15,10,35,45,55,5,5,2,45,60,45,5,5,1,30,30,50,15,10,10,5,3,3,70,75,60,77,Strongly agree,Strongly agree,Strongly disagree,Somewhat agree,Strongly agree,Somewhat agree,Strongly disagree,Strongly agree,Strongly disagree,Strongly agree,41,Woman,Never married
2021-12-14T12:24:43Z,2021-12-14T12:32:00Z,IP Address,100,437,TRUE,2021-12-14T12:32:01Z,R_1Qhg7nGBNJzFvlO,anonymous,EN,I consent to participate in this study.,10,10,76,50,50,50,20,20,31,15,15,18,15,15,15,30,30,26,40,40,40,25,5,5,15,15,65,10,10,3,35,20,30,30,30,11,30,60,60,2,1,1,50,40,15,5,5,2,65,5,10,15,2,2,10,1,1,1,1,5,77,Somewhat disagree,Somewhat agree,Neutral,Somewhat disagree,Strongly agree,Neutral,Neutral,Somewhat agree,Neutral,Somewhat agree,32,Man,Never married
2021-12-14T12:19:17Z,2021-12-14T12:32:16Z,IP Address,100,779,TRUE,2021-12-14T12:32:17Z,R_R3x0WyCm4fI0N3j,anonymous,EN,I consent to participate in this study.,76,0,0,85,98,98,27,85,75,23,95,95,47,75,52,51,75,75,35,30,40,35,0,0,15,10,75,42,55,45,25,0,0,2,1,2,20,0,22,10,1,1,20,0,0,2,0,0,65,0,0,1,0,0,8,0,0,12,15,20,77,Strongly disagree,Strongly disagree,Strongly agree,Strongly disagree,Neutral,Somewhat disagree,Strongly agree,Strongly disagree,Strongly agree,Strongly disagree,34,Man,Never married
2021-12-14T12:01:33Z,2021-12-14T12:32:36Z,IP Address,100,1863,TRUE,2021-12-14T12:32:37Z,R_RJEMakvRVka9YRj,anonymous,EN,I consent to participate in this study.,70,50,50,25,20,35,70,30,20,80,75,20,65,35,10,70,65,20,65,45,40,65,25,20,25,10,25,65,30,1,65,100,100,7,2,5,35,45,45,10,4,1,15,5,15,5,1,1,40,50,55,40,30,10,2,0,1,80,85,45,77,Somewhat disagree,Somewhat disagree,Somewhat agree,Somewhat agree,Neutral,Somewhat agree,Somewhat agree,Neutral,Neutral,Somewhat disagree,29,Woman,Married
2021-12-14T12:26:03Z,2021-12-14T12:34:27Z,IP Address,100,503,TRUE,2021-12-14T12:34:28Z,R_3RsefzHD45g9uIk,anonymous,EN,I consent to participate in this study.,12,3,75,30,30,40,10,8,35,35,25,15,60,65,20,1,0,28,20,24,42,40,30,35,15,10,60,60,45,1,18,5,55,55,50,5,30,15,45,1,0,1,25,20,18,1,1,1,45,45,65,35,5,2,12,1,1,60,80,75,77,Strongly disagree,Strongly disagree,Strongly agree,Strongly disagree,Somewhat disagree,Somewhat disagree,Strongly agree,Strongly disagree,Strongly agree,Strongly disagree,34,Man,Never married
2021-12-14T12:24:07Z,2021-12-14T12:35:04Z,IP Address,100,656,TRUE,2021-12-14T12:35:04Z,R_1jQfa4wX539gj6V,anonymous,EN,I consent to participate in this study.,10,5,50,30,20,40,15,12,31,20,30,18,10,5,17,30,40,26,10,20,40,20,15,45,20,10,65,10,20,3,30,40,80,20,20,11,60,60,58,40,40,3,30,30,22,60,50,3,40,40,60,30,30,16,10,10,10,40,40,23,77,Somewhat agree,Neutral,Somewhat agree,Neutral,Neutral,Strongly agree,Somewhat agree,Somewhat agree,Strongly agree,Neutral,27,Man,Married
2021-12-14T12:18:39Z,2021-12-14T12:35:30Z,IP Address,100,1010,TRUE,2021-12-14T12:35:30Z,R_3DjBfvGJFylZzAI,anonymous,EN,I consent to participate in this study.,60,20,20,40,80,80,60,50,50,50,60,60,40,50,50,46,10,10,40,50,50,60,0,0,50,50,50,30,30,30,50,50,50,5,0,0,40,0,0,20,0,0,30,0,0,10,0,0,40,100,100,30,0,0,40,0,0,50,50,50,77,Somewhat agree,Somewhat agree,Somewhat disagree,Somewhat agree,Neutral,Somewhat agree,Strongly disagree,Somewhat disagree,Somewhat disagree,Somewhat agree,56,Woman,Married
2021-12-14T12:32:02Z,2021-12-14T12:35:44Z,IP Address,100,221,TRUE,2021-12-14T12:35:44Z,R_393C8wOYyM0N5GV,anonymous,EN,I consent to participate in this study.,50,50,70,25,50,40,25,25,30,35,45,20,50,50,20,25,15,25,50,50,40,50,50,45,25,25,50,5,5,3,50,50,80,5,5,10,25,25,50,15,5,3,25,25,25,5,5,1,10,15,50,50,50,25,5,5,10,15,50,25,77,Strongly disagree,Strongly disagree,Strongly agree,Strongly disagree,Strongly agree,Strongly agree,Strongly agree,Strongly disagree,Strongly agree,Strongly disagree,38,Woman,Married
2021-12-14T12:27:58Z,2021-12-14T12:36:49Z,IP Address,100,531,TRUE,2021-12-14T12:36:49Z,R_2whRcMrHT99ZtFl,anonymous,EN,I consent to participate in this study.,82,5,75,20,25,41,76,50,31,9,10,15,20,25,20,20,25,25,10,15,45,65,50,50,3,20,75,65,75,5,16,0,5,5,5,10,50,45,50,31,0,0,10,0,1,2,1,0,11,0,10,20,5,8,5,2,1,22,0,10,77,Neutral,Strongly disagree,Neutral,Somewhat agree,Neutral,Strongly agree,Neutral,Strongly disagree,Neutral,Neutral,55,Man,Divorced
2021-12-14T12:28:08Z,2021-12-14T12:37:26Z,IP Address,100,558,TRUE,2021-12-14T12:37:26Z,R_UPGlpxZLEXeyclX,anonymous,EN,I consent to participate in this study.,25,0,0,40,30,30,20,20,20,25,0,0,15,10,15,10,10,20,30,30,30,60,0,0,40,65,65,75,100,100,40,10,10,20,30,30,35,40,55,5,0,3,25,0,0,2,2,2,45,65,65,20,25,15,10,10,10,50,50,30,77,Somewhat agree,Somewhat agree,Somewhat disagree,Somewhat agree,Somewhat agree,Somewhat disagree,Somewhat disagree,Somewhat agree,Somewhat disagree,Somewhat agree,71,Man,Divorced
2021-12-14T12:28:28Z,2021-12-14T12:37:43Z,IP Address,100,554,TRUE,2021-12-14T12:37:43Z,R_0rlgLgf0Vclhbjz,anonymous,EN,I consent to participate in this study.,60,60,75,85,90,80,30,80,50,80,90,80,50,70,30,30,10,5,25,75,50,60,0,0,60,80,75,40,80,10,50,100,100,15,0,0,30,25,60,15,0,0,50,2,1,4,0,0,65,0,0,40,0,0,2,0,0,1,1,5,77,Somewhat disagree,Somewhat disagree,Strongly agree,Somewhat disagree,Neutral,Neutral,Somewhat agree,Somewhat disagree,Strongly agree,Somewhat disagree,28,Woman,Never married
2021-12-14T11:53:51Z,2021-12-14T12:39:48Z,IP Address,100,2756,TRUE,2021-12-14T12:39:48Z,R_1f2QiMOx634p9Ch,anonymous,EN,I consent to participate in this study.,22,13,30,55,2,2,13,4,15,39,25,10,40,20,12,20,2,5,40,1,1,89,25,12,12,18,45,17,1,0,7,100,100,10,12,8,35,45,60,22,45,70,45,87,45,2,9,1,45,99,99,30,49,60,69,80,45,50,20,20,77,Somewhat agree,Strongly agree,Strongly disagree,Somewhat agree,Somewhat agree,Neutral,Strongly disagree,Somewhat agree,Strongly disagree,Strongly agree,36,Man,Married
2021-12-14T12:33:30Z,2021-12-14T12:42:22Z,IP Address,100,532,TRUE,2021-12-14T12:42:23Z,R_3Ma3bEFuyk4Bpmt,anonymous,EN,I consent to participate in this study.,45,35,65,7,7,41,10,5,25,35,40,20,15,15,17,15,10,25,45,45,40,55,30,35,40,40,65,30,5,1,55,100,100,20,5,5,20,10,40,5,1,1,25,15,22,12,3,1,65,80,80,20,3,3,2,1,1,25,10,15,77,Somewhat disagree,Somewhat disagree,Somewhat agree,Neutral,Somewhat agree,Somewhat agree,Somewhat disagree,Neutral,Somewhat disagree,Strongly agree,37,Woman,Never married
2021-12-14T12:35:17Z,2021-12-14T12:42:26Z,IP Address,100,429,TRUE,2021-12-14T12:42:26Z,R_3P7G3RPZHUeQGfH,anonymous,EN,I consent to participate in this study.,50,50,75,80,90,50,25,25,30,88,90,25,20,40,25,33,33,33,50,50,50,55,0,0,33,30,65,66,60,2,60,0,0,5,2,3,33,10,10,50,20,1,40,0,0,5,1,1,55,0,0,50,0,0,10,0,0,5,10,20,77,Somewhat disagree,Somewhat agree,Somewhat agree,Strongly disagree,Somewhat agree,Strongly disagree,Strongly agree,Somewhat disagree,Somewhat agree,Strongly disagree,36,Woman,Never married
2021-12-14T12:34:23Z,2021-12-14T12:42:32Z,IP Address,100,488,TRUE,2021-12-14T12:42:32Z,R_DMkI7kRuT4PsiDD,anonymous,EN,I consent to participate in this study.,40,10,30,50,30,25,20,1,5,50,30,20,30,1,3,40,10,5,50,10,4,60,2,1,30,20,35,50,10,1,80,100,100,40,30,4,60,50,55,10,1,1,60,30,10,10,5,1,50,80,75,20,40,35,50,20,3,40,30,15,77,Neutral,Strongly agree,Somewhat disagree,Somewhat disagree,Neutral,Somewhat disagree,Somewhat agree,Neutral,Neutral,Somewhat agree,24,Man,Married
2021-12-14T12:33:56Z,2021-12-14T12:43:36Z,IP Address,100,579,TRUE,2021-12-14T12:43:36Z,R_3dYB7FYQjpDEYoi,anonymous,EN,I consent to participate in this study.,10,5,75,35,70,60,45,65,50,30,65,40,30,60,25,10,5,20,50,50,50,40,5,20,15,20,70,5,5,1,40,5,30,15,0,1,55,15,20,5,1,1,65,5,2,5,0,0,55,50,50,5,1,1,2,0,0,5,10,5,77,Strongly disagree,Neutral,Strongly agree,Strongly disagree,Neutral,Neutral,Strongly agree,Somewhat disagree,Strongly agree,Strongly disagree,39,Man,Never married
2021-12-14T12:22:34Z,2021-12-14T12:43:56Z,IP Address,100,1281,TRUE,2021-12-14T12:43:57Z,R_CaJeZNXpfFDWqSR,anonymous,EN,I consent to participate in this study.,27,1,1,43,50,35,45,1,1,30,20,18,10,1,1,52,2,1,8,1,1,50,40,45,1,1,1,7,1,1,34,79,78,2,50,50,68,70,85,5,5,5,90,60,90,5,5,1,70,80,80,14,90,90,15,90,90,25,77,52,77,Strongly agree,Strongly agree,Somewhat disagree,Strongly agree,Strongly agree,Strongly agree,Strongly disagree,Strongly agree,Strongly disagree,Strongly agree,29,Woman,Never married
2021-12-14T12:38:39Z,2021-12-14T12:44:05Z,IP Address,100,325,TRUE,2021-12-14T12:44:05Z,R_1roD8OxprZcD76k,anonymous,EN,I consent to participate in this study.,15,5,15,50,80,80,10,5,10,65,80,80,2,2,15,20,50,26,15,15,40,48,48,45,5,5,65,2,2,3,40,50,50,1,2,1,75,99,99,50,99,99,50,10,15,5,5,1,45,50,61,10,10,15,5,15,9,5,5,23,77,Neutral,Neutral,Strongly disagree,Neutral,Strongly agree,Strongly agree,Somewhat disagree,Neutral,Neutral,Somewhat agree,35,Man,Never married
2021-12-14T12:26:02Z,2021-12-14T12:44:08Z,IP Address,100,1086,TRUE,2021-12-14T12:44:08Z,R_2ScXCWMYm6GlLOP,anonymous,EN,I consent to participate in this study.,15,15,40,75,75,65,15,15,30,40,60,40,20,30,30,15,5,7,50,50,40,65,70,50,15,5,50,29,40,25,60,40,50,5,5,5,30,5,10,15,1,1,65,5,3,5,2,1,70,80,50,50,1,1,10,1,1,50,10,10,77,Strongly disagree,Strongly disagree,Somewhat agree,Strongly disagree,Somewhat agree,Strongly agree,Somewhat agree,Strongly disagree,Somewhat agree,Neutral,32,Woman,Never married
2021-12-14T12:34:32Z,2021-12-14T12:44:13Z,IP Address,100,580,TRUE,2021-12-14T12:44:13Z,R_e3DAMU4QKCeg3u1,anonymous,EN,I consent to participate in this study.,25,20,40,25,15,20,30,40,40,20,10,5,30,25,10,20,20,15,35,30,45,40,25,25,35,40,70,35,30,5,75,80,90,5,10,10,30,55,60,10,5,1,30,40,35,1,1,1,45,55,70,15,2,1,10,1,1,10,5,25,77,Somewhat agree,Neutral,Somewhat disagree,Somewhat agree,Strongly agree,Strongly agree,Somewhat disagree,Somewhat agree,Somewhat disagree,Somewhat agree,39,Woman,Never married
2021-12-14T12:38:24Z,2021-12-14T12:45:15Z,IP Address,100,410,TRUE,2021-12-14T12:45:15Z,R_1CJzQUaYl3WzVGi,anonymous,EN,I consent to participate in this study.,18,100,100,80,88,88,44,80,80,42,80,80,18,79,79,3,100,100,66,91,99,50,100,100,15,20,88,17,10,6,49,0,0,15,1,1,22,0,0,1,0,0,44,0,0,0,0,0,45,0,0,49,0,0,5,0,0,20,10,1,77,Strongly disagree,Strongly disagree,Strongly agree,Strongly disagree,Strongly disagree,Strongly disagree,Strongly agree,Strongly disagree,Strongly agree,Strongly disagree,54,Woman,Divorced
2021-12-14T12:37:28Z,2021-12-14T12:45:46Z,IP Address,100,497,TRUE,2021-12-14T12:45:46Z,R_5pOvvNfG8emLwMF,anonymous,EN,I consent to participate in this study.,60,0,0,35,90,90,35,70,60,55,5,5,20,60,45,15,2,5,40,55,45,60,0,0,45,45,60,60,5,5,30,100,100,10,2,2,70,95,90,10,5,2,30,45,35,40,1,0,60,0,0,45,55,30,20,5,5,60,80,50,77,Strongly disagree,Somewhat agree,NA,Somewhat disagree,Somewhat agree,Strongly agree,Somewhat agree,Somewhat agree,Somewhat agree,Somewhat disagree,23,Man,Never married
2021-12-14T12:33:44Z,2021-12-14T12:49:05Z,IP Address,100,920,TRUE,2021-12-14T12:49:06Z,R_oZSslYfMYMKuedz,anonymous,EN,I consent to participate in this study.,50,40,40,35,30,35,8,5,5,25,20,15,15,5,10,10,8,10,10,8,8,20,2,2,15,10,15,25,2,2,45,30,35,8,12,10,65,75,75,12,5,1,50,40,15,2,2,2,20,80,80,8,5,5,30,2,2,15,20,15,77,Somewhat agree,Somewhat agree,Neutral,Somewhat agree,Strongly agree,Somewhat agree,Somewhat disagree,Somewhat agree,Strongly disagree,Strongly agree,48,Woman,Married
2021-12-14T12:41:00Z,2021-12-14T12:49:47Z,IP Address,100,526,TRUE,2021-12-14T12:49:47Z,R_3oHPgfusr12Z7H2,anonymous,EN,I consent to participate in this study.,45,45,76,70,30,3,20,20,20,20,10,5,10,4,4,2,2,26,30,5,20,68,68,45,5,5,65,20,20,0,68,100,100,9,9,10,30,30,40,5,5,3,86,95,95,1,1,1,60,60,61,10,100,100,1,100,100,10,10,23,77,Strongly agree,Strongly agree,Strongly disagree,Strongly agree,Strongly agree,Somewhat disagree,Strongly disagree,Strongly agree,Strongly disagree,Strongly agree,54,Man,Divorced
2021-12-14T12:45:21Z,2021-12-14T12:50:55Z,IP Address,100,334,TRUE,2021-12-14T12:50:56Z,R_2zGwAVWgqUL7Sk5,anonymous,EN,I consent to participate in this study.,15,10,30,20,15,30,7,7,20,10,10,15,5,5,7,10,5,5,10,10,40,30,20,20,2,20,80,5,2,2,35,40,65,5,5,8,10,5,20,50,50,40,40,60,40,5,2,1,40,55,65,50,40,30,5,10,5,55,55,40,77,Somewhat agree,Somewhat agree,Somewhat disagree,Somewhat agree,Somewhat agree,Strongly agree,Somewhat disagree,Somewhat agree,Somewhat disagree,Somewhat agree,31,Man,Other
2021-12-14T12:42:05Z,2021-12-14T12:50:55Z,IP Address,100,530,TRUE,2021-12-14T12:50:56Z,R_2VO6vgK0H42MriQ,anonymous,EN,I consent to participate in this study.,20,15,25,60,40,25,25,10,10,15,10,10,22,15,5,20,20,20,30,30,30,40,3,3,15,20,65,50,60,15,40,100,100,25,50,25,50,95,95,15,10,3,12,50,50,1,1,1,75,100,100,25,75,70,12,30,15,50,70,60,77,Strongly agree,Strongly agree,Strongly disagree,Strongly agree,Strongly agree,Somewhat agree,Somewhat disagree,Somewhat agree,Strongly disagree,Strongly agree,51,Woman,Married
2021-12-14T12:42:08Z,2021-12-14T12:51:15Z,IP Address,100,547,TRUE,2021-12-14T12:51:16Z,R_2WIOnktldGlSZUf,anonymous,EN,I consent to participate in this study.,3,3,55,88,89,75,60,35,30,25,30,45,55,45,65,12,10,20,65,60,50,60,40,35,20,15,60,45,35,2,65,100,88,35,55,8,25,35,65,3,5,2,43,55,25,5,3,2,45,70,80,20,26,15,3,5,3,5,10,18,77,Somewhat disagree,Somewhat agree,Somewhat agree,Somewhat disagree,Somewhat agree,Somewhat agree,Somewhat agree,Strongly disagree,Strongly agree,Neutral,36,Man,Married
2021-12-14T12:44:48Z,2021-12-14T12:51:28Z,IP Address,100,399,TRUE,2021-12-14T12:51:28Z,R_12Qo1p42BUdVL1e,anonymous,EN,I consent to participate in this study.,10,15,76,90,90,41,60,60,50,30,30,18,40,40,17,10,10,26,20,20,40,50,50,45,15,15,65,5,5,3,60,5,5,10,10,11,35,65,65,1,1,1,25,1,1,5,5,1,50,50,61,20,1,1,15,1,1,50,50,23,77,Somewhat agree,Strongly agree,Somewhat disagree,Somewhat disagree,Strongly agree,Somewhat disagree,Somewhat disagree,Somewhat agree,Somewhat disagree,Somewhat agree,44,Man,Divorced
2021-12-14T12:43:39Z,2021-12-14T12:51:36Z,IP Address,100,476,TRUE,2021-12-14T12:51:36Z,R_shEd9OGpXj5RwCR,anonymous,EN,I consent to participate in this study.,5,5,50,80,90,60,30,30,31,10,15,20,5,10,20,5,2,10,35,35,40,40,1,1,5,5,65,10,5,2,60,100,100,40,20,5,25,5,5,15,10,1,25,20,20,2,1,1,50,100,100,25,5,5,10,0,0,30,35,25,77,Strongly agree,Somewhat agree,Strongly disagree,Somewhat agree,Strongly agree,Strongly agree,Somewhat disagree,Strongly agree,Strongly disagree,Strongly agree,38,Woman,Married
2021-12-14T12:38:08Z,2021-12-14T12:51:36Z,IP Address,100,808,TRUE,2021-12-14T12:51:37Z,R_eRsPbf5OWhFHh6x,anonymous,EN,I consent to participate in this study.,1,1,25,55,45,30,15,15,20,15,15,15,15,15,10,5,1,1,75,100,100,0,0,0,15,15,45,15,100,100,25,0,0,10,25,25,50,100,100,1,0,0,25,45,45,1,1,1,25,0,0,25,50,50,1,0,5,35,55,55,77,Strongly agree,Strongly agree,Strongly disagree,Strongly agree,Strongly agree,Strongly agree,Strongly disagree,Strongly agree,Strongly disagree,Strongly agree,39,Man,Never married
2021-12-14T12:46:40Z,2021-12-14T12:51:46Z,IP Address,100,306,TRUE,2021-12-14T12:51:47Z,R_25vk03IJodhLD0i,anonymous,EN,I consent to participate in this study.,18,20,50,50,75,50,30,40,35,30,40,20,7,12,15,8,6,12,5,10,45,50,1,35,4,8,50,12,5,4,12,5,65,1,1,5,30,40,55,1,2,2,10,4,8,1,1,1,45,40,70,2,1,5,5,3,4,4,5,20,77,Strongly disagree,Somewhat disagree,Somewhat agree,Strongly disagree,Strongly agree,Strongly agree,Strongly agree,Strongly disagree,Somewhat agree,Somewhat disagree,25,Man,Never married
2021-12-14T12:39:02Z,2021-12-14T12:52:31Z,IP Address,100,808,TRUE,2021-12-14T12:52:31Z,R_O8A3FVgIuL8H3Yl,anonymous,EN,I consent to participate in this study.,10,10,50,50,50,50,10,10,31,10,10,18,20,20,17,1,1,10,25,25,40,50,50,45,25,25,65,25,25,3,65,25,50,10,10,10,20,0,50,5,0,0,50,60,50,10,0,0,50,25,25,50,50,16,5,0,0,50,80,33,77,Somewhat disagree,Somewhat disagree,Somewhat agree,Somewhat disagree,Somewhat disagree,Somewhat disagree,Somewhat agree,Somewhat agree,Somewhat agree,Somewhat disagree,46,Man,Never married
2021-12-14T12:44:56Z,2021-12-14T12:52:48Z,IP Address,100,472,TRUE,2021-12-14T12:52:48Z,R_2yfG98shCkKuFC8,anonymous,EN,I consent to participate in this study.,20,75,75,25,25,35,45,45,40,65,65,20,15,10,15,65,100,100,33,25,35,51,65,65,5,5,30,40,35,5,25,5,25,5,2,2,15,3,12,30,100,100,20,5,5,2,1,1,45,15,20,5,2,2,8,4,3,3,2,10,77,Strongly disagree,Somewhat disagree,Somewhat agree,Somewhat disagree,Neutral,Neutral,Somewhat agree,Somewhat agree,Strongly agree,Strongly disagree,28,Man,Never married
2021-12-14T12:47:44Z,2021-12-14T12:53:42Z,IP Address,100,357,TRUE,2021-12-14T12:53:42Z,R_1E0VS8jrDbLfdrW,anonymous,EN,I consent to participate in this study.,72,55,55,59,22,29,28,12,15,20,25,15,55,25,15,29,11,14,55,55,45,40,0,0,18,10,25,22,25,5,47,100,100,15,25,15,22,88,85,1,2,2,47,44,25,1,5,8,29,100,100,70,55,22,1,5,10,35,80,75,77,Neutral,Strongly agree,Somewhat disagree,Somewhat agree,Neutral,Somewhat agree,Strongly disagree,Strongly agree,Strongly disagree,Somewhat agree,36,Man,Married
2021-12-14T12:36:52Z,2021-12-14T12:55:15Z,IP Address,100,1103,TRUE,2021-12-14T12:55:15Z,R_2a9O2ehBpS3HVmv,anonymous,EN,I consent to participate in this study.,10,5,50,30,30,41,10,10,31,30,30,18,5,5,17,5,5,26,25,20,30,39,39,45,60,60,65,15,15,3,70,100,100,3,3,11,25,25,50,15,15,3,80,80,22,1,1,1,50,50,61,20,2,2,5,1,1,20,20,23,77,Strongly agree,Strongly agree,Strongly disagree,Strongly agree,Strongly agree,Somewhat agree,Strongly disagree,Strongly agree,Strongly disagree,Strongly agree,31,Woman,Never married
2021-12-14T12:49:15Z,2021-12-14T12:58:32Z,IP Address,100,557,TRUE,2021-12-14T12:58:33Z,R_2dAeXJiy9ohajkI,anonymous,EN,I consent to participate in this study.,3,3,76,65,50,40,30,30,31,32,10,10,19,12,14,20,15,20,42,40,40,57,0,0,22,26,60,25,20,5,56,100,100,23,18,15,58,75,75,16,100,100,68,100,100,5,5,3,37,100,100,35,100,100,21,95,95,38,0,15,77,Somewhat agree,Neutral,Somewhat disagree,Somewhat agree,Somewhat agree,Neutral,Somewhat disagree,Somewhat agree,Somewhat disagree,Somewhat agree,50,Man,Divorced
2021-12-14T12:49:20Z,2021-12-14T12:58:37Z,IP Address,100,556,TRUE,2021-12-14T12:58:37Z,R_24C1MrDR5lxEwfk,anonymous,EN,I consent to participate in this study.,55,30,40,55,55,50,35,30,30,68,68,20,25,10,10,50,50,40,65,50,45,55,35,25,35,35,50,50,50,4,65,100,100,10,5,5,40,100,100,2,1,1,20,25,25,2,1,1,41,60,70,48,20,11,30,1,1,65,45,15,77,Neutral,Somewhat agree,Neutral,Somewhat disagree,Somewhat agree,Neutral,Neutral,Strongly agree,Somewhat agree,Neutral,33,Man,Married
2021-12-14T12:52:16Z,2021-12-14T13:00:08Z,IP Address,100,472,TRUE,2021-12-14T13:00:08Z,R_73wa1oRQMmwxkRj,anonymous,EN,I consent to participate in this study.,50,75,76,50,50,41,50,50,31,15,10,12,15,15,17,2,2,26,10,10,40,40,40,45,25,30,65,10,10,3,75,100,100,5,5,11,50,85,85,5,5,3,25,25,22,3,3,1,20,20,20,20,5,5,5,0,0,15,15,23,77,Somewhat agree,Neutral,Somewhat disagree,Neutral,Somewhat agree,Somewhat agree,Somewhat disagree,Somewhat agree,Somewhat disagree,Somewhat agree,27,Woman,Never married
2021-12-14T12:52:47Z,2021-12-14T13:00:13Z,IP Address,100,445,TRUE,2021-12-14T13:00:13Z,R_1dhuEl2fl416C2k,anonymous,EN,I consent to participate in this study.,40,40,58,30,30,36,5,5,18,50,30,24,20,20,18,30,30,28,10,10,25,70,60,53,20,20,43,10,10,7,25,60,70,10,10,10,70,100,100,5,60,32,40,70,60,10,10,5,40,60,60,30,100,100,10,100,100,25,60,60,77,Strongly agree,Strongly agree,Strongly disagree,Strongly agree,Strongly agree,Strongly agree,Strongly disagree,Strongly agree,Strongly disagree,Strongly agree,28,Man,Never married
2021-12-14T12:50:50Z,2021-12-14T13:00:19Z,IP Address,100,569,TRUE,2021-12-14T13:00:20Z,R_1QLWOYm1vMHOeYf,anonymous,EN,I consent to participate in this study.,45,20,30,90,85,5,3,5,10,25,10,5,5,5,8,20,10,10,5,5,10,30,0,0,3,1,10,5,5,2,30,100,100,15,20,10,30,60,60,10,15,5,35,80,80,5,5,1,50,100,100,35,100,100,10,100,100,60,80,70,77,Somewhat agree,Somewhat agree,Somewhat disagree,Somewhat agree,Strongly agree,Strongly agree,Somewhat disagree,Somewhat agree,Somewhat disagree,Somewhat agree,29,Man,Married
2021-12-14T12:50:14Z,2021-12-14T13:02:21Z,IP Address,100,727,TRUE,2021-12-14T13:02:21Z,R_WAJvfBZnyyfLkkh,anonymous,EN,I consent to participate in this study.,35,2,20,50,50,50,24,2,2,40,10,10,25,5,5,10,1,2,30,5,5,51,10,10,20,1,10,12,2,1,58,85,85,10,15,15,55,65,58,33,33,10,62,65,50,1,1,1,55,100,100,18,45,45,50,60,60,25,10,50,77,Strongly agree,Strongly agree,Strongly disagree,Strongly agree,Strongly agree,Neutral,Strongly disagree,Somewhat agree,Strongly disagree,Strongly agree,52,Woman,Married
2021-12-14T12:47:37Z,2021-12-14T13:03:16Z,IP Address,100,939,TRUE,2021-12-14T13:03:17Z,R_1QixyN350GWPm6z,anonymous,EN,I consent to participate in this study.,10,2,50,55,50,41,10,5,15,40,35,15,30,30,15,2,1,10,35,30,30,20,1,10,45,40,55,30,20,3,50,70,80,1,1,5,30,50,55,1,1,1,40,50,35,1,1,1,50,70,60,40,60,30,1,1,4,50,60,40,77,Strongly agree,Strongly agree,Strongly disagree,Strongly agree,Strongly agree,Strongly agree,Strongly disagree,Strongly disagree,Strongly disagree,Strongly agree,28,Man,Never married
2021-12-14T13:00:01Z,2021-12-14T13:04:50Z,IP Address,100,289,TRUE,2021-12-14T13:04:51Z,R_3nPdKJiqjiSyNzo,anonymous,EN,I consent to participate in this study.,20,15,20,55,65,50,15,15,20,30,30,20,40,35,20,20,20,20,25,25,35,50,50,50,5,5,10,30,25,5,32,28,50,10,10,10,85,70,50,10,5,5,20,15,20,5,2,1,60,60,60,50,45,25,20,5,5,70,75,75,77,Somewhat disagree,Somewhat disagree,Somewhat agree,Somewhat disagree,Neutral,Somewhat disagree,Neutral,Somewhat disagree,Neutral,Somewhat disagree,31,Woman,Never married
2021-12-14T12:35:32Z,2021-12-14T13:05:25Z,IP Address,100,1793,TRUE,2021-12-14T13:05:25Z,R_XXnmPIbAPejmgb7,anonymous,EN,I consent to participate in this study.,32,23,34,43,34,33,45,23,43,60,50,18,65,30,17,45,34,45,40,20,20,2,2,34,33,23,45,22,33,22,50,60,82,43,32,22,45,43,54,45,34,34,65,80,22,23,2,1,23,34,62,23,32,32,45,43,6,25,50,23,55,Strongly agree,Somewhat agree,Neutral,Strongly agree,Neutral,Somewhat agree,Somewhat agree,Somewhat agree,Somewhat disagree,Neutral,45,Man,Married
2021-12-14T12:57:54Z,2021-12-14T13:05:29Z,IP Address,100,454,TRUE,2021-12-14T13:05:29Z,R_2eXt6dpfbo4FPVa,anonymous,EN,I consent to participate in this study.,75,90,75,50,50,40,30,25,30,60,50,20,35,30,15,45,50,50,50,50,40,50,50,45,30,25,50,35,30,5,60,85,85,20,25,10,60,90,90,20,25,10,60,99,95,2,3,1,25,30,50,50,100,100,30,80,75,40,50,25,77,Somewhat agree,Strongly agree,Strongly disagree,Somewhat agree,Strongly agree,Strongly agree,Somewhat disagree,Somewhat agree,Somewhat disagree,Somewhat agree,29,Man,Never married
2021-12-14T12:35:22Z,2021-12-14T13:05:30Z,IP Address,100,1808,TRUE,2021-12-14T13:05:31Z,R_2DTBkx6Ev1FfvLt,anonymous,EN,I consent to participate in this study.,12,23,12,70,50,41,25,15,31,15,25,15,12,10,2,25,35,35,34,14,24,12,32,15,3,5,25,50,55,5,15,25,25,85,15,15,12,12,55,25,14,13,22,12,23,15,25,3,25,12,15,25,12,12,60,45,10,34,23,12,34,Somewhat agree,Somewhat agree,Strongly agree,Strongly agree,Strongly agree,Neutral,Strongly agree,Somewhat agree,Somewhat agree,Strongly agree,45,Man,Married
2021-12-14T13:03:33Z,2021-12-14T13:10:48Z,IP Address,100,434,TRUE,2021-12-14T13:10:48Z,R_2QMSd9ADUyQkKhd,anonymous,EN,I consent to participate in this study.,30,30,70,25,15,30,15,5,30,25,10,18,20,15,17,15,15,25,20,25,30,45,10,10,30,50,65,15,10,3,65,80,82,2,5,10,35,70,60,15,5,3,25,0,10,5,5,1,40,100,100,20,10,15,25,10,9,20,5,23,77,Somewhat disagree,Strongly disagree,Somewhat disagree,Somewhat disagree,Strongly agree,Somewhat agree,Somewhat disagree,Strongly disagree,Somewhat disagree,Somewhat agree,40,Woman,Married
2021-12-14T12:58:48Z,2021-12-14T13:11:30Z,IP Address,100,761,TRUE,2021-12-14T13:11:30Z,R_1dGBPRbQ2JuxoTE,anonymous,EN,I consent to participate in this study.,45,24,68,90,70,10,20,28,28,38,40,27,5,5,15,67,47,25,15,10,30,40,30,40,10,10,20,10,10,1,50,50,80,38,3,10,30,70,40,20,20,1,35,47,24,3,47,1,50,60,60,47,37,40,20,10,2,20,70,90,77,Neutral,Somewhat agree,Neutral,Neutral,Somewhat agree,Somewhat disagree,Somewhat agree,Somewhat agree,Neutral,Somewhat disagree,23,Man,Never married
2021-12-14T13:03:45Z,2021-12-14T13:11:47Z,IP Address,100,482,TRUE,2021-12-14T13:11:47Z,R_6gHaDP25ht6HFM5,anonymous,EN,I consent to participate in this study.,3,3,40,60,60,30,5,5,5,10,10,10,10,10,15,10,5,15,10,5,20,5,5,5,5,5,5,10,10,1,40,40,40,3,3,10,40,70,70,5,5,2,60,60,60,1,1,1,20,20,70,10,10,50,50,60,50,60,50,40,77,Somewhat agree,Somewhat agree,Strongly disagree,Somewhat agree,Strongly agree,Strongly agree,Strongly disagree,Neutral,Strongly disagree,Strongly agree,33,Woman,Married
2021-12-14T13:05:04Z,2021-12-14T13:13:43Z,IP Address,100,519,TRUE,2021-12-14T13:13:44Z,R_2RQVCqvsFQbXWOU,anonymous,EN,I consent to participate in this study.,15,10,10,65,55,45,15,10,15,50,45,20,10,10,10,10,5,10,20,10,10,35,100,100,20,15,35,25,10,1,45,100,100,25,15,10,50,90,90,1,5,5,50,90,90,5,25,5,40,100,100,25,50,50,20,50,50,45,65,65,77,Somewhat agree,Neutral,Somewhat disagree,Somewhat agree,Neutral,Somewhat agree,Somewhat disagree,Neutral,Somewhat disagree,Somewhat agree,49,Woman,Divorced
2021-12-14T12:43:32Z,2021-12-14T13:16:31Z,IP Address,100,1978,TRUE,2021-12-14T13:16:31Z,R_51nVq25ziJ4G0Wl,anonymous,EN,I consent to participate in this study.,70,70,75,60,70,50,5,3,10,30,15,15,10,5,8,15,10,20,15,25,45,50,50,40,15,10,50,15,15,3,75,99,99,10,5,5,40,85,85,20,20,3,65,50,15,5,2,1,50,50,50,10,10,10,10,8,5,5,5,10,77,Somewhat agree,Somewhat agree,Neutral,Strongly agree,Somewhat agree,Somewhat disagree,Somewhat disagree,Somewhat agree,Somewhat disagree,Somewhat agree,30,Man,Never married
2021-12-14T13:10:59Z,2021-12-14T13:16:43Z,IP Address,100,343,TRUE,2021-12-14T13:16:43Z,R_3s7CpNmVvyD6XJ4,anonymous,EN,I consent to participate in this study.,10,0,0,46,53,50,16,12,18,27,32,24,12,12,15,7,7,18,41,41,41,23,9,18,56,56,60,23,23,5,46,32,53,3,3,5,33,25,45,23,100,100,22,15,15,3,3,1,12,9,16,18,15,14,15,12,7,63,84,72,77,Somewhat disagree,Somewhat disagree,Somewhat agree,Somewhat disagree,Somewhat agree,Somewhat agree,Strongly agree,Somewhat disagree,Strongly agree,Strongly disagree,24,Man,Never married
2021-12-14T13:11:18Z,2021-12-14T13:21:06Z,IP Address,100,587,TRUE,2021-12-14T13:21:06Z,R_tLgGNkSySBChIoV,anonymous,EN,I consent to participate in this study.,40,80,69,80,60,20,58,75,84,56,85,30,68,65,80,80,87,26,80,52,80,100,90,50,65,55,95,48,57,65,20,50,60,45,65,10,54,95,54,45,59,56,58,44,85,50,80,88,92,50,61,63,50,84,60,50,60,85,65,95,20,Strongly agree,Neutral,Somewhat agree,Somewhat agree,Strongly agree,Strongly agree,Neutral,Strongly agree,Somewhat agree,Strongly agree,NA,Man,Married
2021-12-14T13:17:34Z,2021-12-14T13:22:25Z,IP Address,100,291,TRUE,2021-12-14T13:22:26Z,R_31g6lyELWDgVGjW,anonymous,EN,I consent to participate in this study.,30,30,60,78,80,60,60,40,30,40,30,40,40,40,20,40,40,20,60,50,60,60,70,50,20,20,40,35,10,2,40,40,70,20,10,20,40,50,70,20,10,5,50,50,30,2,0,0,40,40,70,40,40,30,10,10,10,75,85,75,77,Somewhat disagree,Strongly disagree,Strongly agree,Strongly disagree,Somewhat agree,Strongly agree,Somewhat agree,Strongly disagree,Strongly agree,Somewhat disagree,39,Woman,Never married
2021-12-14T13:18:03Z,2021-12-14T13:23:05Z,IP Address,100,301,TRUE,2021-12-14T13:23:05Z,R_3nSniOJi3I6ZIoo,anonymous,EN,I consent to participate in this study.,5,1,25,45,40,38,15,20,25,30,25,15,20,15,15,50,5,10,25,20,35,30,10,10,15,10,60,15,10,2,40,100,100,18,15,12,25,30,30,5,1,1,40,90,85,7,10,2,60,100,100,25,98,98,5,98,98,3,5,23,77,Somewhat disagree,Strongly disagree,Somewhat disagree,Somewhat disagree,Somewhat agree,Strongly agree,Somewhat disagree,Somewhat disagree,Somewhat disagree,Somewhat agree,37,Man,Married
2021-12-14T13:18:29Z,2021-12-14T13:23:17Z,IP Address,100,287,TRUE,2021-12-14T13:23:17Z,R_3eaVdSxTAaLngmY,anonymous,EN,I consent to participate in this study.,10,5,50,55,55,41,20,20,30,30,30,15,10,10,17,5,5,10,20,20,40,40,40,40,15,15,65,20,20,3,60,70,80,35,70,30,30,30,60,10,10,3,20,30,25,3,3,1,40,100,100,25,90,70,20,30,12,5,5,20,77,Neutral,Somewhat agree,Somewhat disagree,Somewhat disagree,Strongly agree,Neutral,Somewhat disagree,Neutral,Somewhat agree,Somewhat agree,46,Man,Married
2021-12-14T13:17:37Z,2021-12-14T13:25:03Z,IP Address,100,445,TRUE,2021-12-14T13:25:03Z,R_a315p1U6FgtyEZb,anonymous,EN,I consent to participate in this study.,20,30,75,25,35,45,15,15,30,35,35,15,15,15,15,20,15,20,40,40,40,40,25,40,2,2,65,25,35,5,10,20,80,2,2,10,20,40,58,5,5,5,15,75,75,1,1,1,40,40,60,15,50,50,5,5,8,85,85,30,77,Strongly agree,Strongly agree,Strongly disagree,Strongly agree,Strongly agree,Somewhat agree,Strongly disagree,Strongly agree,Strongly disagree,Strongly agree,39,Man,Never married
2021-12-14T13:18:08Z,2021-12-14T13:25:07Z,IP Address,100,418,TRUE,2021-12-14T13:25:07Z,R_abBLCE3YXFh34QN,anonymous,EN,I consent to participate in this study.,30,20,60,50,50,20,40,40,25,60,30,20,40,20,15,40,10,30,30,30,40,50,50,40,10,10,30,45,30,5,70,100,80,10,5,5,50,50,50,30,10,0,10,5,10,1,0,0,60,100,100,20,0,10,3,0,0,40,80,20,77,Strongly agree,Somewhat agree,Somewhat disagree,Somewhat agree,Strongly agree,Somewhat agree,Neutral,Somewhat agree,Neutral,Somewhat agree,33,Woman,Married
2021-12-14T13:23:18Z,2021-12-14T13:29:18Z,IP Address,100,359,TRUE,2021-12-14T13:29:18Z,R_3HnUjY77XXwjvxH,anonymous,EN,I consent to participate in this study.,10,10,10,50,50,50,15,15,15,35,35,35,20,20,20,3,3,3,33,33,33,35,25,25,11,11,11,7,7,7,40,50,50,5,5,5,50,70,70,3,0,0,25,25,25,2,2,2,40,100,100,35,15,15,3,1,1,65,65,65,77,Strongly disagree,Neutral,Neutral,Neutral,Neutral,Neutral,Somewhat agree,Somewhat agree,Neutral,Neutral,34,Man,Married
2021-12-14T13:19:25Z,2021-12-14T13:29:18Z,IP Address,100,593,TRUE,2021-12-14T13:29:18Z,R_3mdZ9ILFuY0Zu0m,anonymous,EN,I consent to participate in this study.,50,100,100,20,20,25,40,50,40,10,10,10,10,10,10,5,5,5,15,15,25,40,100,100,100,100,100,10,10,3,30,100,100,3,3,7,5,5,5,10,1,1,10,0,0,1,1,1,50,100,100,40,1,1,20,1,1,10,10,10,77,Somewhat agree,Somewhat agree,Somewhat disagree,Somewhat agree,Somewhat agree,Somewhat agree,Somewhat disagree,Somewhat agree,Somewhat disagree,Somewhat agree,64,Woman,Divorced
2021-12-14T13:17:35Z,2021-12-14T13:31:07Z,IP Address,100,811,TRUE,2021-12-14T13:31:07Z,R_1gTQozDjLRvMJ6N,anonymous,EN,I consent to participate in this study.,20,5,50,66,65,40,25,25,31,30,0,0,12,10,15,20,2,10,60,60,40,70,0,0,40,35,60,30,10,3,65,70,80,12,10,11,55,70,60,5,1,1,65,80,80,5,1,1,65,5,5,15,0,5,5,1,1,40,40,25,77,Strongly agree,Strongly agree,Strongly disagree,Strongly agree,Strongly agree,Strongly agree,Strongly disagree,Strongly agree,Strongly disagree,Strongly agree,69,Woman,Widow or widower
2021-12-14T13:11:11Z,2021-12-14T13:33:54Z,IP Address,100,1363,TRUE,2021-12-14T13:33:54Z,R_D0FSV5JMDcL9GEN,anonymous,EN,I consent to participate in this study.,20,10,22,43,23,32,32,22,23,32,43,32,32,32,32,43,34,22,32,32,54,32,23,34,43,32,32,23,43,12,54,34,32,78,78,45,22,32,21,32,32,2,32,32,32,43,32,12,12,32,32,2,32,32,43,32,32,45,43,23,32,Neutral,Somewhat agree,Somewhat agree,Strongly agree,Somewhat agree,Strongly agree,Somewhat agree,Neutral,Somewhat agree,Somewhat agree,36,Woman,Married
2021-12-14T13:28:21Z,2021-12-14T13:34:28Z,IP Address,100,366,TRUE,2021-12-14T13:34:28Z,R_1nQ2PRvAt1ETCWL,anonymous,EN,I consent to participate in this study.,10,0,22,20,10,10,5,0,0,5,2,1,2,0,0,10,0,15,10,0,0,10,5,5,1,0,1,10,1,1,50,99,99,10,50,50,33,100,100,5,100,100,50,100,74,2,15,15,20,99,99,25,50,50,15,50,20,5,0,5,77,Neutral,Somewhat disagree,Somewhat disagree,Strongly disagree,Neutral,Strongly agree,Somewhat disagree,Somewhat disagree,Strongly disagree,Somewhat disagree,24,Man,Never married
2021-12-14T13:26:06Z,2021-12-14T13:36:57Z,IP Address,100,650,TRUE,2021-12-14T13:36:58Z,R_3EKGdsYiiNjjyy7,anonymous,EN,I consent to participate in this study.,40,20,50,40,35,30,45,10,15,20,15,13,25,15,17,30,20,15,65,65,40,45,20,20,80,80,65,56,10,1,65,70,80,20,45,20,20,35,50,5,5,3,70,65,15,25,30,3,30,40,50,5,0,0,5,0,0,65,70,20,77,Somewhat disagree,Somewhat agree,Strongly agree,Somewhat disagree,Strongly agree,Strongly agree,Strongly agree,Somewhat agree,Somewhat agree,Strongly disagree,37,Man,Never married
2021-12-14T13:32:01Z,2021-12-14T13:38:43Z,IP Address,100,402,TRUE,2021-12-14T13:38:44Z,R_3nMmwGmP0ysKCUR,anonymous,EN,I consent to participate in this study.,25,20,70,30,90,95,10,5,10,20,35,25,15,20,20,20,25,25,35,50,55,50,90,90,10,10,65,20,25,5,40,5,8,15,1,1,30,70,80,1,1,1,35,5,1,1,0,0,35,0,0,35,1,0,2,0,0,50,50,25,77,Strongly disagree,Strongly disagree,Strongly agree,Strongly disagree,Neutral,Somewhat agree,Strongly agree,Strongly disagree,Strongly agree,Strongly disagree,40,Man,Never married
2021-12-14T13:34:55Z,2021-12-14T13:41:42Z,IP Address,100,407,TRUE,2021-12-14T13:41:42Z,R_3nBkYZTDXJ9W01S,anonymous,EN,I consent to participate in this study.,20,10,60,90,80,50,40,30,25,80,70,10,20,15,10,40,30,20,15,10,15,70,60,50,60,55,60,25,10,2,40,60,75,2,5,6,42,85,75,15,30,5,40,25,20,15,20,5,30,40,50,52,58,18,10,20,10,70,95,50,77,Somewhat disagree,Somewhat agree,Somewhat agree,Somewhat disagree,Neutral,Neutral,Strongly agree,Somewhat agree,Somewhat agree,Somewhat disagree,32,Man,Married
2021-12-14T13:36:12Z,2021-12-14T13:43:15Z,IP Address,100,423,TRUE,2021-12-14T13:43:16Z,R_1cTlqJS7y6JlrZ8,anonymous,EN,I consent to participate in this study.,15,9,33,79,76,39,6,4,12,27,8,8,22,14,13,44,26,22,7,4,15,28,2,3,13,9,41,18,12,2,41,100,100,16,21,14,47,99,99,3,3,3,79,85,76,4,4,3,67,98,98,34,100,100,21,44,39,44,54,41,77,Somewhat disagree,Somewhat disagree,Somewhat disagree,Somewhat agree,Neutral,Strongly agree,Somewhat agree,Somewhat agree,Strongly agree,Neutral,32,Man,Married
2021-12-14T13:38:04Z,2021-12-14T13:46:35Z,IP Address,100,511,TRUE,2021-12-14T13:46:35Z,R_28Tje47ntXY8ruz,anonymous,EN,I consent to participate in this study.,15,15,25,75,50,20,40,10,15,25,5,5,25,15,10,3,1,1,30,10,10,50,0,0,60,50,50,10,5,1,50,10,10,10,15,15,30,90,95,2,1,1,50,15,5,2,1,1,35,0,0,10,1,1,10,0,0,25,50,50,77,Somewhat agree,Strongly agree,Somewhat disagree,Somewhat agree,Strongly agree,Somewhat agree,Somewhat disagree,Somewhat agree,Somewhat disagree,Somewhat agree,38,Man,Never married
2021-12-14T13:41:04Z,2021-12-14T13:47:16Z,IP Address,100,371,TRUE,2021-12-14T13:47:17Z,R_2ZJLabS7QW6Ow1D,anonymous,EN,I consent to participate in this study.,23,43,23,54,43,54,45,4,32,32,54,43,34,45,12,32,43,43,23,43,43,6,54,34,65,65,54,43,43,54,12,23,54,32,32,32,65,54,54,43,54,32,5,43,43,45,43,53,65,65,54,43,54,43,32,43,21,65,43,43,54,Somewhat disagree,Somewhat agree,Somewhat agree,Somewhat agree,Strongly agree,Somewhat agree,Strongly agree,Somewhat disagree,Strongly agree,Somewhat agree,41,Woman,Married
2021-12-14T13:46:39Z,2021-12-14T13:57:43Z,IP Address,100,664,TRUE,2021-12-14T13:57:44Z,R_3lANTwgK0IDcv6X,anonymous,EN,I consent to participate in this study.,30,12,40,65,60,35,20,18,25,45,40,15,25,15,13,3,2,10,25,20,35,45,5,5,15,10,65,10,7,2,65,100,100,10,15,15,45,95,95,4,4,3,20,80,80,3,4,2,60,100,100,32,3,3,10,2,2,5,90,23,77,Neutral,Neutral,Somewhat disagree,Neutral,Somewhat agree,Somewhat agree,Strongly disagree,Somewhat agree,Strongly disagree,Neutral,50,Man,Married
2021-12-14T13:46:57Z,2021-12-14T13:57:45Z,IP Address,100,647,TRUE,2021-12-14T13:57:45Z,R_TbIAP73rEfcVeDL,anonymous,EN,I consent to participate in this study.,20,20,50,40,40,40,50,50,40,20,20,18,30,30,15,10,5,10,50,50,40,25,10,20,30,30,50,25,25,10,80,100,100,5,5,10,50,60,60,5,0,0,50,100,100,2,2,2,70,90,70,50,100,100,50,100,100,2,2,10,77,Somewhat agree,Somewhat agree,Somewhat disagree,Somewhat agree,Somewhat agree,Somewhat agree,Strongly disagree,Somewhat agree,Strongly disagree,Somewhat agree,57,Woman,Married
2021-12-14T13:53:49Z,2021-12-14T14:00:41Z,IP Address,100,412,TRUE,2021-12-14T14:00:41Z,R_3KCq08Bb126C84Z,anonymous,EN,I consent to participate in this study.,15,10,80,85,60,40,25,10,10,40,10,5,30,10,4,70,70,20,55,15,15,35,15,25,40,40,65,15,15,3,75,50,50,5,7,15,28,95,95,4,2,1,35,95,95,2,5,4,65,80,85,70,95,95,15,80,80,20,20,20,77,Neutral,Somewhat disagree,Somewhat disagree,Somewhat agree,Neutral,Somewhat disagree,Somewhat disagree,Somewhat agree,Somewhat disagree,Somewhat agree,31,Man,Never married
2021-12-14T13:52:44Z,2021-12-14T14:01:23Z,IP Address,100,519,TRUE,2021-12-14T14:01:24Z,R_3IQWUI0BP6rcuR8,anonymous,EN,I consent to participate in this study.,20,16,25,65,75,60,10,15,40,30,40,30,20,15,15,8,6,20,55,40,35,45,20,20,20,15,25,30,45,25,40,60,75,15,5,5,45,25,25,10,5,1,70,85,65,5,1,1,65,80,80,60,45,30,20,5,5,55,70,55,78,Strongly agree,Somewhat agree,Strongly disagree,Somewhat agree,Strongly agree,Somewhat agree,Somewhat disagree,Somewhat agree,Somewhat disagree,Somewhat agree,37,Man,Never married
2021-12-14T13:54:24Z,2021-12-14T14:16:19Z,IP Address,100,1314,TRUE,2021-12-14T14:16:20Z,R_3GDPpBFUw6LEOoi,anonymous,EN,I consent to participate in this study.,25,12,40,40,34,40,47,35,24,75,80,50,45,45,15,25,27,25,35,30,45,40,37,40,14,23,35,46,38,1,30,24,45,10,12,7,47,65,60,5,3,3,62,60,15,10,10,1,20,23,70,45,47,8,1,1,3,45,60,40,77,Neutral,Somewhat agree,Somewhat disagree,Somewhat agree,Strongly agree,Somewhat agree,Somewhat disagree,Somewhat disagree,Somewhat disagree,Somewhat agree,22,Man,Never married
2021-12-14T14:06:15Z,2021-12-14T14:20:33Z,IP Address,100,858,TRUE,2021-12-14T14:20:33Z,R_2cvdlMuaMxOZATk,anonymous,EN,I consent to participate in this study.,3,2,55,65,65,50,20,20,30,30,30,20,5,5,15,10,10,25,30,30,40,20,20,30,5,3,60,10,10,5,60,80,85,10,10,10,25,30,50,5,2,3,60,90,80,5,5,2,40,50,60,40,60,50,5,2,5,20,20,20,77,Somewhat agree,Somewhat agree,Somewhat disagree,Strongly agree,Somewhat agree,Neutral,Somewhat disagree,Somewhat agree,Somewhat disagree,Somewhat agree,38,Man,Never married
2021-12-14T13:28:47Z,2021-12-14T14:22:18Z,IP Address,100,3211,TRUE,2021-12-14T14:22:19Z,R_1pAn4wTOaoxIKdF,anonymous,EN,I consent to participate in this study.,70,70,60,60,60,30,2,2,10,20,20,10,10,10,10,5,5,20,10,10,20,20,20,30,10,10,50,5,4,1,80,80,80,30,30,20,30,30,50,1,1,3,50,50,30,5,5,3,70,70,50,10,10,20,10,10,15,20,20,20,77,Somewhat agree,Strongly agree,Strongly disagree,Strongly agree,Strongly agree,Strongly agree,Strongly disagree,Strongly agree,Strongly disagree,Strongly agree,37,Man,Never married
2021-12-14T14:11:44Z,2021-12-14T14:27:25Z,IP Address,100,941,TRUE,2021-12-14T14:27:25Z,R_3fshWRQ9DEjux5T,anonymous,EN,I consent to participate in this study.,48,25,75,5,4,20,1,1,31,5,2,5,1,1,17,5,41,26,5,5,20,70,60,45,2,2,65,1,1,3,46,55,82,4,9,5,1,10,65,5,2,3,55,55,22,70,80,5,58,39,61,6,4,10,5,5,9,3,5,23,77,Somewhat agree,Somewhat agree,Strongly disagree,Somewhat agree,Somewhat agree,Strongly agree,Strongly disagree,Somewhat agree,Strongly disagree,Strongly agree,28,Woman,Never married
2021-12-14T14:32:06Z,2021-12-14T14:38:28Z,IP Address,100,382,TRUE,2021-12-14T14:38:29Z,R_1K0VjgJB6Yh3e77,anonymous,EN,I consent to participate in this study.,28,70,70,50,90,90,11,20,20,35,50,50,16,55,55,8,40,40,38,90,90,75,80,80,17,2,2,24,18,3,40,100,100,1,0,0,22,70,70,3,100,100,22,0,0,1,0,0,40,5,5,3,0,0,2,0,0,50,0,0,77,Strongly disagree,Somewhat disagree,Somewhat agree,Strongly disagree,Strongly agree,Somewhat agree,Strongly agree,Neutral,Strongly agree,Strongly disagree,39,Man,Married
2021-12-14T14:24:08Z,2021-12-14T14:38:47Z,IP Address,100,879,TRUE,2021-12-14T14:38:47Z,R_2uxMgiz5s2e7GAN,anonymous,EN,I consent to participate in this study.,40,35,60,70,75,50,25,30,40,20,60,30,35,50,35,15,10,20,50,50,45,65,50,35,30,40,55,18,15,1,65,80,85,4,2,5,12,10,20,15,5,1,50,25,15,2,1,1,60,74,74,5,1,2,7,1,1,45,65,45,77,Strongly disagree,Somewhat disagree,Strongly agree,Somewhat disagree,Somewhat agree,Somewhat agree,Somewhat agree,Somewhat agree,Somewhat agree,Somewhat disagree,32,Man,Never married
2021-12-14T14:29:25Z,2021-12-14T14:39:08Z,IP Address,100,583,TRUE,2021-12-14T14:39:09Z,R_2TNRbWoBf10idSS,anonymous,EN,I consent to participate in this study.,20,20,50,60,60,50,20,2,20,30,30,10,30,10,5,61,10,15,30,5,10,5,5,10,30,10,20,5,5,1,70,70,80,10,10,10,65,90,90,5,5,2,60,75,70,10,10,1,50,95,95,30,30,10,2,0,5,70,50,80,77,Somewhat agree,Somewhat agree,Strongly disagree,Somewhat agree,Strongly agree,Strongly agree,Strongly disagree,Strongly agree,Strongly disagree,Strongly agree,32,Man,Married
2021-12-14T14:34:53Z,2021-12-14T14:42:35Z,IP Address,100,462,TRUE,2021-12-14T14:42:36Z,R_3gTavUVQRETVlI0,anonymous,EN,I consent to participate in this study.,25,25,30,60,55,55,10,5,8,30,20,20,5,1,2,10,5,5,5,5,15,15,1,1,5,10,15,10,3,2,85,90,90,15,5,6,35,80,80,2,0,0,40,45,35,3,2,1,55,85,85,30,20,14,10,5,4,40,60,45,77,Strongly agree,Strongly agree,Somewhat disagree,Strongly agree,Strongly agree,Somewhat agree,Somewhat disagree,Somewhat agree,Somewhat disagree,Strongly agree,30,Man,Never married
2021-12-14T14:33:51Z,2021-12-14T14:44:14Z,IP Address,100,623,TRUE,2021-12-14T14:44:15Z,R_2s4qcQS38tihTZS,anonymous,EN,I consent to participate in this study.,30,10,20,75,70,36,35,25,23,20,15,14,40,30,13,3,2,10,25,20,30,25,5,8,10,10,65,18,15,2,30,10,25,8,10,12,40,75,75,1,1,1,15,10,12,3,3,1,25,2,3,25,1,1,20,2,2,10,15,27,77,Somewhat agree,Strongly agree,Strongly disagree,Somewhat agree,Neutral,Strongly disagree,Somewhat disagree,Somewhat agree,Somewhat disagree,Somewhat agree,36,Man,Never married
2021-12-14T14:42:02Z,2021-12-14T14:51:28Z,IP Address,100,566,TRUE,2021-12-14T14:51:29Z,R_1yQWQznZb9P6ODn,anonymous,EN,I consent to participate in this study.,8,10,15,70,60,35,25,20,20,30,15,10,15,10,10,20,10,10,15,10,20,50,0,0,5,0,0,30,15,1,80,99,99,5,10,15,45,99,99,35,99,99,30,80,80,1,1,1,65,0,0,45,2,2,1,2,2,30,85,85,77,Somewhat agree,Somewhat agree,Somewhat disagree,Strongly agree,Somewhat agree,Somewhat disagree,Strongly disagree,Somewhat disagree,Somewhat disagree,Strongly agree,44,Man,Never married
2021-12-14T14:43:24Z,2021-12-14T14:52:05Z,IP Address,100,520,TRUE,2021-12-14T14:52:05Z,R_31uSteN7NdKuZu8,anonymous,EN,I consent to participate in this study.,50,0,0,45,45,41,20,20,30,20,20,20,10,20,20,50,50,26,75,80,50,60,10,10,50,90,85,50,50,20,20,10,20,5,5,11,40,95,95,50,50,50,15,15,15,1,1,1,60,10,10,20,50,20,5,5,10,50,50,25,77,Somewhat agree,Strongly disagree,Neutral,Somewhat agree,Strongly agree,Strongly agree,Strongly disagree,Strongly disagree,Strongly disagree,Neutral,42,Woman,Never married
2021-12-14T14:51:50Z,2021-12-14T15:11:53Z,IP Address,100,1202,TRUE,2021-12-14T15:11:53Z,R_25N1bFe4L2xleol,anonymous,EN,I consent to participate in this study.,10,10,76,80,40,41,10,10,31,39,30,18,4,3,17,10,10,17,3,3,40,50,50,40,1,1,75,30,30,3,30,10,30,1,1,11,70,80,40,30,20,3,5,10,20,10,10,1,39,20,30,10,20,16,20,20,30,45,50,23,77,Neutral,Somewhat disagree,Somewhat agree,Neutral,Somewhat agree,Somewhat agree,Neutral,Somewhat agree,Somewhat agree,Somewhat agree,43,Woman,Divorced
2021-12-14T15:29:27Z,2021-12-14T15:35:19Z,IP Address,100,352,TRUE,2021-12-14T15:35:20Z,R_z72F9C1NwLBtehj,anonymous,EN,I consent to participate in this study.,35,10,65,50,50,45,4,3,25,60,50,15,20,10,15,7,4,15,15,13,30,50,0,0,7,4,60,5,2,3,50,50,75,5,6,8,50,75,75,1,1,2,30,55,35,2,2,1,60,0,0,15,20,18,4,2,5,25,35,25,77,Strongly agree,Strongly agree,Strongly disagree,Strongly agree,Strongly agree,Strongly agree,Strongly disagree,Strongly agree,Strongly disagree,Strongly agree,23,Woman,Never married
2021-12-14T15:35:13Z,2021-12-14T15:42:55Z,IP Address,100,461,TRUE,2021-12-14T15:42:56Z,R_1immplKZn2ip8DI,anonymous,EN,I consent to participate in this study.,20,20,30,30,20,20,5,5,10,30,15,10,20,20,17,5,50,50,40,100,100,20,1,1,25,50,65,40,100,100,25,5,5,20,20,20,20,80,90,1,1,1,20,75,75,1,1,1,20,100,100,20,5,5,5,1,1,20,25,25,77,Strongly agree,Strongly agree,Strongly disagree,Somewhat agree,Strongly agree,Somewhat agree,Strongly disagree,Somewhat agree,Strongly disagree,Strongly agree,49,Man,Married
2021-12-14T15:15:11Z,2021-12-14T15:54:20Z,IP Address,100,2348,TRUE,2021-12-14T15:54:21Z,R_3Rft0v5KhpuT3nU,anonymous,EN,I consent to participate in this study.,20,20,75,50,50,50,40,50,40,50,50,20,20,40,20,25,25,25,50,50,50,50,50,50,20,30,75,50,50,5,50,50,75,10,10,10,50,50,60,10,5,1,25,10,5,20,20,1,60,50,50,50,10,10,20,20,10,50,50,20,77,Neutral,Strongly disagree,Somewhat agree,Somewhat agree,Somewhat agree,Somewhat agree,Somewhat disagree,Somewhat disagree,Somewhat agree,Neutral,48,Woman,Divorced
2021-12-14T17:54:59Z,2021-12-14T18:04:45Z,IP Address,100,585,TRUE,2021-12-14T18:04:45Z,R_3LZ9dxmcc30WyHy,anonymous,EN,I consent to participate in this study.,5,10,25,75,80,80,30,40,30,65,50,30,3,5,7,10,20,15,25,40,40,55,60,50,30,60,22,5,10,1,60,75,80,5,1,2,15,22,35,5,10,1,35,40,30,2,1,1,10,15,40,10,5,10,4,5,3,30,25,30,77,Neutral,Somewhat disagree,Somewhat disagree,Somewhat disagree,Strongly agree,Somewhat agree,Somewhat disagree,Neutral,Neutral,Somewhat agree,34,Woman,Never married
